cell_type,pathway,Batch_info,orig.ident,gene,cells,matched_NT_cells
A549,TGFB1,Rep1,82,AKT1,386,601
A549,TGFB1,Rep1,82,ATF2,153,601
A549,TGFB1,Rep1,82,CHUK,124,601
A549,TGFB1,Rep1,82,CREBBP,364,601
A549,TGFB1,Rep1,82,CUL1,51,601
A549,TGFB1,Rep1,82,EP300,101,601
A549,TGFB1,Rep1,82,FOS,211,601
A549,TGFB1,Rep1,82,FOXP2,159,601
A549,TGFB1,Rep1,82,HDAC4,96,601
A549,TGFB1,Rep1,82,HDAC5,495,601
A549,TGFB1,Rep1,82,HRAS,811,601
A549,TGFB1,Rep1,82,IKBKB,63,601
A549,TGFB1,Rep1,82,IRF7,326,601
A549,TGFB1,Rep1,82,JUN,169,601
A549,TGFB1,Rep1,82,KRAS,256,601
A549,TGFB1,Rep1,82,MAP3K7,297,601
A549,TGFB1,Rep1,82,MAPK1,162,601
A549,TGFB1,Rep1,82,MAPK14,334,601
A549,TGFB1,Rep1,82,MAPK3,299,601
A549,TGFB1,Rep1,82,MED15,445,601
A549,TGFB1,Rep1,82,MYC,320,601
A549,TGFB1,Rep1,82,NFKB1,189,601
A549,TGFB1,Rep1,82,NRAS,72,601
A549,TGFB1,Rep1,82,NT,601,601
A549,TGFB1,Rep1,82,PAK1,493,601
A549,TGFB1,Rep1,82,PIK3CA,196,601
A549,TGFB1,Rep1,82,PPP2CA,195,601
A549,TGFB1,Rep1,82,PRKCA,376,601
A549,TGFB1,Rep1,82,RAF1,127,601
A549,TGFB1,Rep1,82,RBL1,113,601
A549,TGFB1,Rep1,82,RBX1,194,601
A549,TGFB1,Rep1,82,RELA,219,601
A549,TGFB1,Rep1,82,RHOA,74,601
A549,TGFB1,Rep1,82,RPS6KB1,339,601
A549,TGFB1,Rep1,82,RUNX1,642,601
A549,TGFB1,Rep1,82,RUNX2,167,601
A549,TGFB1,Rep1,82,RUNX3,286,601
A549,TGFB1,Rep1,82,SKP1,85,601
A549,TGFB1,Rep1,82,SMAD1,259,601
A549,TGFB1,Rep1,82,SMAD2,633,601
A549,TGFB1,Rep1,82,SMAD3,365,601
A549,TGFB1,Rep1,82,SMAD4,136,601
A549,TGFB1,Rep1,82,SMAD5,71,601
A549,TGFB1,Rep1,82,SMAD6,343,601
A549,TGFB1,Rep1,82,SMAD7,181,601
A549,TGFB1,Rep1,82,SMAD9,322,601
A549,TGFB1,Rep1,82,SMURF1,846,601
A549,TGFB1,Rep1,82,SMURF2,339,601
A549,TGFB1,Rep1,82,SP1,243,601
A549,TGFB1,Rep1,82,TGFBR1,71,601
A549,TGFB1,Rep1,82,TGFBR2,167,601
A549,TGFB1,Rep1,82,TGFBR3,134,601
A549,TGFB1,Rep1,82,TGIF1,204,601
A549,TGFB1,Rep1,83,AKT1,411,590
A549,TGFB1,Rep1,83,ATF2,135,590
A549,TGFB1,Rep1,83,CHUK,122,590
A549,TGFB1,Rep1,83,CREBBP,397,590
A549,TGFB1,Rep1,83,CUL1,29,590
A549,TGFB1,Rep1,83,EP300,93,590
A549,TGFB1,Rep1,83,FOS,215,590
A549,TGFB1,Rep1,83,FOXP2,151,590
A549,TGFB1,Rep1,83,HDAC4,97,590
A549,TGFB1,Rep1,83,HDAC5,525,590
A549,TGFB1,Rep1,83,HRAS,767,590
A549,TGFB1,Rep1,83,IKBKB,51,590
A549,TGFB1,Rep1,83,IRF7,288,590
A549,TGFB1,Rep1,83,JUN,169,590
A549,TGFB1,Rep1,83,KRAS,270,590
A549,TGFB1,Rep1,83,MAP3K7,359,590
A549,TGFB1,Rep1,83,MAPK1,161,590
A549,TGFB1,Rep1,83,MAPK14,349,590
A549,TGFB1,Rep1,83,MAPK3,294,590
A549,TGFB1,Rep1,83,MED15,516,590
A549,TGFB1,Rep1,83,MYC,310,590
A549,TGFB1,Rep1,83,NFKB1,190,590
A549,TGFB1,Rep1,83,NRAS,83,590
A549,TGFB1,Rep1,83,NT,590,590
A549,TGFB1,Rep1,83,PAK1,472,590
A549,TGFB1,Rep1,83,PIK3CA,206,590
A549,TGFB1,Rep1,83,PPP2CA,209,590
A549,TGFB1,Rep1,83,PRKCA,358,590
A549,TGFB1,Rep1,83,RAF1,110,590
A549,TGFB1,Rep1,83,RBL1,121,590
A549,TGFB1,Rep1,83,RBX1,210,590
A549,TGFB1,Rep1,83,RELA,215,590
A549,TGFB1,Rep1,83,RHOA,73,590
A549,TGFB1,Rep1,83,RPS6KB1,340,590
A549,TGFB1,Rep1,83,RUNX1,701,590
A549,TGFB1,Rep1,83,RUNX2,157,590
A549,TGFB1,Rep1,83,RUNX3,291,590
A549,TGFB1,Rep1,83,SKP1,88,590
A549,TGFB1,Rep1,83,SMAD1,255,590
A549,TGFB1,Rep1,83,SMAD2,640,590
A549,TGFB1,Rep1,83,SMAD3,432,590
A549,TGFB1,Rep1,83,SMAD4,144,590
A549,TGFB1,Rep1,83,SMAD5,101,590
A549,TGFB1,Rep1,83,SMAD6,336,590
A549,TGFB1,Rep1,83,SMAD7,233,590
A549,TGFB1,Rep1,83,SMAD9,314,590
A549,TGFB1,Rep1,83,SMURF1,776,590
A549,TGFB1,Rep1,83,SMURF2,390,590
A549,TGFB1,Rep1,83,SP1,232,590
A549,TGFB1,Rep1,83,TGFBR1,82,590
A549,TGFB1,Rep1,83,TGFBR2,206,590
A549,TGFB1,Rep1,83,TGFBR3,127,590
A549,TGFB1,Rep1,83,TGIF1,229,590
A549,TGFB1,Rep1,84,AKT1,341,490
A549,TGFB1,Rep1,84,ATF2,143,490
A549,TGFB1,Rep1,84,CHUK,95,490
A549,TGFB1,Rep1,84,CREBBP,319,490
A549,TGFB1,Rep1,84,CUL1,37,490
A549,TGFB1,Rep1,84,EP300,81,490
A549,TGFB1,Rep1,84,FOS,181,490
A549,TGFB1,Rep1,84,FOXP2,128,490
A549,TGFB1,Rep1,84,HDAC4,64,490
A549,TGFB1,Rep1,84,HDAC5,425,490
A549,TGFB1,Rep1,84,HRAS,703,490
A549,TGFB1,Rep1,84,IKBKB,42,490
A549,TGFB1,Rep1,84,IRF7,261,490
A549,TGFB1,Rep1,84,JUN,156,490
A549,TGFB1,Rep1,84,KRAS,242,490
A549,TGFB1,Rep1,84,MAP3K7,279,490
A549,TGFB1,Rep1,84,MAPK1,120,490
A549,TGFB1,Rep1,84,MAPK14,257,490
A549,TGFB1,Rep1,84,MAPK3,234,490
A549,TGFB1,Rep1,84,MED15,395,490
A549,TGFB1,Rep1,84,MYC,273,490
A549,TGFB1,Rep1,84,NFKB1,151,490
A549,TGFB1,Rep1,84,NRAS,63,490
A549,TGFB1,Rep1,84,NT,490,490
A549,TGFB1,Rep1,84,PAK1,405,490
A549,TGFB1,Rep1,84,PIK3CA,187,490
A549,TGFB1,Rep1,84,PPP2CA,171,490
A549,TGFB1,Rep1,84,PRKCA,304,490
A549,TGFB1,Rep1,84,RAF1,132,490
A549,TGFB1,Rep1,84,RBL1,103,490
A549,TGFB1,Rep1,84,RBX1,173,490
A549,TGFB1,Rep1,84,RELA,196,490
A549,TGFB1,Rep1,84,RHOA,45,490
A549,TGFB1,Rep1,84,RPS6KB1,260,490
A549,TGFB1,Rep1,84,RUNX1,611,490
A549,TGFB1,Rep1,84,RUNX2,147,490
A549,TGFB1,Rep1,84,RUNX3,247,490
A549,TGFB1,Rep1,84,SKP1,68,490
A549,TGFB1,Rep1,84,SMAD1,191,490
A549,TGFB1,Rep1,84,SMAD2,457,490
A549,TGFB1,Rep1,84,SMAD3,299,490
A549,TGFB1,Rep1,84,SMAD4,156,490
A549,TGFB1,Rep1,84,SMAD5,71,490
A549,TGFB1,Rep1,84,SMAD6,293,490
A549,TGFB1,Rep1,84,SMAD7,188,490
A549,TGFB1,Rep1,84,SMAD9,242,490
A549,TGFB1,Rep1,84,SMURF1,647,490
A549,TGFB1,Rep1,84,SMURF2,324,490
A549,TGFB1,Rep1,84,SP1,204,490
A549,TGFB1,Rep1,84,TGFBR1,77,490
A549,TGFB1,Rep1,84,TGFBR2,165,490
A549,TGFB1,Rep1,84,TGFBR3,113,490
A549,TGFB1,Rep1,84,TGIF1,173,490
A549,TGFB1,Rep2,77,AKT1,186,235
A549,TGFB1,Rep2,77,ATF2,55,235
A549,TGFB1,Rep2,77,CHUK,52,235
A549,TGFB1,Rep2,77,CREBBP,155,235
A549,TGFB1,Rep2,77,CUL1,21,235
A549,TGFB1,Rep2,77,EP300,34,235
A549,TGFB1,Rep2,77,FOS,97,235
A549,TGFB1,Rep2,77,FOXP2,68,235
A549,TGFB1,Rep2,77,HDAC4,32,235
A549,TGFB1,Rep2,77,HDAC5,195,235
A549,TGFB1,Rep2,77,HRAS,338,235
A549,TGFB1,Rep2,77,IKBKB,19,235
A549,TGFB1,Rep2,77,IRF7,137,235
A549,TGFB1,Rep2,77,JUN,74,235
A549,TGFB1,Rep2,77,KRAS,101,235
A549,TGFB1,Rep2,77,MAP3K7,138,235
A549,TGFB1,Rep2,77,MAPK1,58,235
A549,TGFB1,Rep2,77,MAPK14,134,235
A549,TGFB1,Rep2,77,MAPK3,123,235
A549,TGFB1,Rep2,77,MED15,172,235
A549,TGFB1,Rep2,77,MYC,122,235
A549,TGFB1,Rep2,77,NFKB1,82,235
A549,TGFB1,Rep2,77,NRAS,20,235
A549,TGFB1,Rep2,77,NT,235,235
A549,TGFB1,Rep2,77,PAK1,172,235
A549,TGFB1,Rep2,77,PIK3CA,73,235
A549,TGFB1,Rep2,77,PPP2CA,71,235
A549,TGFB1,Rep2,77,PRKCA,136,235
A549,TGFB1,Rep2,77,RAF1,55,235
A549,TGFB1,Rep2,77,RBL1,38,235
A549,TGFB1,Rep2,77,RBX1,83,235
A549,TGFB1,Rep2,77,RELA,93,235
A549,TGFB1,Rep2,77,RHOA,34,235
A549,TGFB1,Rep2,77,RPS6KB1,150,235
A549,TGFB1,Rep2,77,RUNX1,266,235
A549,TGFB1,Rep2,77,RUNX2,73,235
A549,TGFB1,Rep2,77,RUNX3,93,235
A549,TGFB1,Rep2,77,SKP1,37,235
A549,TGFB1,Rep2,77,SMAD1,96,235
A549,TGFB1,Rep2,77,SMAD2,249,235
A549,TGFB1,Rep2,77,SMAD3,157,235
A549,TGFB1,Rep2,77,SMAD4,66,235
A549,TGFB1,Rep2,77,SMAD5,32,235
A549,TGFB1,Rep2,77,SMAD6,141,235
A549,TGFB1,Rep2,77,SMAD7,94,235
A549,TGFB1,Rep2,77,SMAD9,142,235
A549,TGFB1,Rep2,77,SMURF1,323,235
A549,TGFB1,Rep2,77,SMURF2,123,235
A549,TGFB1,Rep2,77,SP1,54,235
A549,TGFB1,Rep2,77,TGFBR1,37,235
A549,TGFB1,Rep2,77,TGFBR2,61,235
A549,TGFB1,Rep2,77,TGFBR3,52,235
A549,TGFB1,Rep2,77,TGIF1,102,235
A549,TGFB1,Rep2,78,AKT1,175,185
A549,TGFB1,Rep2,78,ATF2,64,185
A549,TGFB1,Rep2,78,CHUK,46,185
A549,TGFB1,Rep2,78,CREBBP,139,185
A549,TGFB1,Rep2,78,CUL1,15,185
A549,TGFB1,Rep2,78,EP300,30,185
A549,TGFB1,Rep2,78,FOS,70,185
A549,TGFB1,Rep2,78,FOXP2,52,185
A549,TGFB1,Rep2,78,HDAC4,35,185
A549,TGFB1,Rep2,78,HDAC5,156,185
A549,TGFB1,Rep2,78,HRAS,267,185
A549,TGFB1,Rep2,78,IKBKB,21,185
A549,TGFB1,Rep2,78,IRF7,92,185
A549,TGFB1,Rep2,78,JUN,65,185
A549,TGFB1,Rep2,78,KRAS,107,185
A549,TGFB1,Rep2,78,MAP3K7,126,185
A549,TGFB1,Rep2,78,MAPK1,49,185
A549,TGFB1,Rep2,78,MAPK14,136,185
A549,TGFB1,Rep2,78,MAPK3,107,185
A549,TGFB1,Rep2,78,MED15,174,185
A549,TGFB1,Rep2,78,MYC,120,185
A549,TGFB1,Rep2,78,NFKB1,65,185
A549,TGFB1,Rep2,78,NRAS,18,185
A549,TGFB1,Rep2,78,NT,185,185
A549,TGFB1,Rep2,78,PAK1,154,185
A549,TGFB1,Rep2,78,PIK3CA,72,185
A549,TGFB1,Rep2,78,PPP2CA,80,185
A549,TGFB1,Rep2,78,PRKCA,127,185
A549,TGFB1,Rep2,78,RAF1,58,185
A549,TGFB1,Rep2,78,RBL1,36,185
A549,TGFB1,Rep2,78,RBX1,75,185
A549,TGFB1,Rep2,78,RELA,86,185
A549,TGFB1,Rep2,78,RHOA,28,185
A549,TGFB1,Rep2,78,RPS6KB1,146,185
A549,TGFB1,Rep2,78,RUNX1,232,185
A549,TGFB1,Rep2,78,RUNX2,68,185
A549,TGFB1,Rep2,78,RUNX3,103,185
A549,TGFB1,Rep2,78,SKP1,31,185
A549,TGFB1,Rep2,78,SMAD1,81,185
A549,TGFB1,Rep2,78,SMAD2,219,185
A549,TGFB1,Rep2,78,SMAD3,152,185
A549,TGFB1,Rep2,78,SMAD4,56,185
A549,TGFB1,Rep2,78,SMAD5,25,185
A549,TGFB1,Rep2,78,SMAD6,121,185
A549,TGFB1,Rep2,78,SMAD7,65,185
A549,TGFB1,Rep2,78,SMAD9,141,185
A549,TGFB1,Rep2,78,SMURF1,284,185
A549,TGFB1,Rep2,78,SMURF2,136,185
A549,TGFB1,Rep2,78,SP1,40,185
A549,TGFB1,Rep2,78,TGFBR1,29,185
A549,TGFB1,Rep2,78,TGFBR2,64,185
A549,TGFB1,Rep2,78,TGFBR3,52,185
A549,TGFB1,Rep2,78,TGIF1,82,185
A549,TGFB1,Rep2,79,AKT1,165,245
A549,TGFB1,Rep2,79,ATF2,59,245
A549,TGFB1,Rep2,79,CHUK,48,245
A549,TGFB1,Rep2,79,CREBBP,138,245
A549,TGFB1,Rep2,79,CUL1,20,245
A549,TGFB1,Rep2,79,EP300,26,245
A549,TGFB1,Rep2,79,FOS,73,245
A549,TGFB1,Rep2,79,FOXP2,57,245
A549,TGFB1,Rep2,79,HDAC4,40,245
A549,TGFB1,Rep2,79,HDAC5,194,245
A549,TGFB1,Rep2,79,HRAS,322,245
A549,TGFB1,Rep2,79,IKBKB,29,245
A549,TGFB1,Rep2,79,IRF7,123,245
A549,TGFB1,Rep2,79,JUN,77,245
A549,TGFB1,Rep2,79,KRAS,107,245
A549,TGFB1,Rep2,79,MAP3K7,119,245
A549,TGFB1,Rep2,79,MAPK1,49,245
A549,TGFB1,Rep2,79,MAPK14,152,245
A549,TGFB1,Rep2,79,MAPK3,115,245
A549,TGFB1,Rep2,79,MED15,156,245
A549,TGFB1,Rep2,79,MYC,141,245
A549,TGFB1,Rep2,79,NFKB1,68,245
A549,TGFB1,Rep2,79,NRAS,27,245
A549,TGFB1,Rep2,79,NT,245,245
A549,TGFB1,Rep2,79,PAK1,179,245
A549,TGFB1,Rep2,79,PIK3CA,69,245
A549,TGFB1,Rep2,79,PPP2CA,86,245
A549,TGFB1,Rep2,79,PRKCA,144,245
A549,TGFB1,Rep2,79,RAF1,60,245
A549,TGFB1,Rep2,79,RBL1,32,245
A549,TGFB1,Rep2,79,RBX1,73,245
A549,TGFB1,Rep2,79,RELA,91,245
A549,TGFB1,Rep2,79,RHOA,29,245
A549,TGFB1,Rep2,79,RPS6KB1,162,245
A549,TGFB1,Rep2,79,RUNX1,240,245
A549,TGFB1,Rep2,79,RUNX2,74,245
A549,TGFB1,Rep2,79,RUNX3,81,245
A549,TGFB1,Rep2,79,SKP1,34,245
A549,TGFB1,Rep2,79,SMAD1,114,245
A549,TGFB1,Rep2,79,SMAD2,237,245
A549,TGFB1,Rep2,79,SMAD3,161,245
A549,TGFB1,Rep2,79,SMAD4,58,245
A549,TGFB1,Rep2,79,SMAD5,26,245
A549,TGFB1,Rep2,79,SMAD6,122,245
A549,TGFB1,Rep2,79,SMAD7,92,245
A549,TGFB1,Rep2,79,SMAD9,120,245
A549,TGFB1,Rep2,79,SMURF1,294,245
A549,TGFB1,Rep2,79,SMURF2,141,245
A549,TGFB1,Rep2,79,SP1,63,245
A549,TGFB1,Rep2,79,TGFBR1,40,245
A549,TGFB1,Rep2,79,TGFBR2,74,245
A549,TGFB1,Rep2,79,TGFBR3,68,245
A549,TGFB1,Rep2,79,TGIF1,83,245
A549,TGFB1,Rep2,80,AKT1,172,218
A549,TGFB1,Rep2,80,ATF2,49,218
A549,TGFB1,Rep2,80,CHUK,47,218
A549,TGFB1,Rep2,80,CREBBP,139,218
A549,TGFB1,Rep2,80,CUL1,21,218
A549,TGFB1,Rep2,80,EP300,24,218
A549,TGFB1,Rep2,80,FOS,91,218
A549,TGFB1,Rep2,80,FOXP2,58,218
A549,TGFB1,Rep2,80,HDAC4,32,218
A549,TGFB1,Rep2,80,HDAC5,219,218
A549,TGFB1,Rep2,80,HRAS,307,218
A549,TGFB1,Rep2,80,IKBKB,22,218
A549,TGFB1,Rep2,80,IRF7,109,218
A549,TGFB1,Rep2,80,JUN,79,218
A549,TGFB1,Rep2,80,KRAS,100,218
A549,TGFB1,Rep2,80,MAP3K7,126,218
A549,TGFB1,Rep2,80,MAPK1,48,218
A549,TGFB1,Rep2,80,MAPK14,143,218
A549,TGFB1,Rep2,80,MAPK3,115,218
A549,TGFB1,Rep2,80,MED15,174,218
A549,TGFB1,Rep2,80,MYC,131,218
A549,TGFB1,Rep2,80,NFKB1,67,218
A549,TGFB1,Rep2,80,NRAS,20,218
A549,TGFB1,Rep2,80,NT,218,218
A549,TGFB1,Rep2,80,PAK1,183,218
A549,TGFB1,Rep2,80,PIK3CA,81,218
A549,TGFB1,Rep2,80,PPP2CA,89,218
A549,TGFB1,Rep2,80,PRKCA,137,218
A549,TGFB1,Rep2,80,RAF1,45,218
A549,TGFB1,Rep2,80,RBL1,36,218
A549,TGFB1,Rep2,80,RBX1,71,218
A549,TGFB1,Rep2,80,RELA,80,218
A549,TGFB1,Rep2,80,RHOA,24,218
A549,TGFB1,Rep2,80,RPS6KB1,121,218
A549,TGFB1,Rep2,80,RUNX1,261,218
A549,TGFB1,Rep2,80,RUNX2,50,218
A549,TGFB1,Rep2,80,RUNX3,104,218
A549,TGFB1,Rep2,80,SKP1,39,218
A549,TGFB1,Rep2,80,SMAD1,97,218
A549,TGFB1,Rep2,80,SMAD2,276,218
A549,TGFB1,Rep2,80,SMAD3,162,218
A549,TGFB1,Rep2,80,SMAD4,61,218
A549,TGFB1,Rep2,80,SMAD5,35,218
A549,TGFB1,Rep2,80,SMAD6,131,218
A549,TGFB1,Rep2,80,SMAD7,102,218
A549,TGFB1,Rep2,80,SMAD9,123,218
A549,TGFB1,Rep2,80,SMURF1,295,218
A549,TGFB1,Rep2,80,SMURF2,143,218
A549,TGFB1,Rep2,80,SP1,43,218
A549,TGFB1,Rep2,80,TGFBR1,22,218
A549,TGFB1,Rep2,80,TGFBR2,86,218
A549,TGFB1,Rep2,80,TGFBR3,65,218
A549,TGFB1,Rep2,80,TGIF1,92,218
BXPC3,TGFB1,Rep2,93,AKT1,90,183
BXPC3,TGFB1,Rep2,93,ATF2,34,183
BXPC3,TGFB1,Rep2,93,CHUK,30,183
BXPC3,TGFB1,Rep2,93,CREBBP,47,183
BXPC3,TGFB1,Rep2,93,CUL1,28,183
BXPC3,TGFB1,Rep2,93,EP300,52,183
BXPC3,TGFB1,Rep2,93,FOS,31,183
BXPC3,TGFB1,Rep2,93,FOXP2,56,183
BXPC3,TGFB1,Rep2,93,HDAC4,17,183
BXPC3,TGFB1,Rep2,93,HDAC5,94,183
BXPC3,TGFB1,Rep2,93,HRAS,184,183
BXPC3,TGFB1,Rep2,93,IKBKB,6,183
BXPC3,TGFB1,Rep2,93,IRF7,121,183
BXPC3,TGFB1,Rep2,93,JUN,92,183
BXPC3,TGFB1,Rep2,93,KRAS,144,183
BXPC3,TGFB1,Rep2,93,MAP3K7,124,183
BXPC3,TGFB1,Rep2,93,MAPK1,61,183
BXPC3,TGFB1,Rep2,93,MAPK14,131,183
BXPC3,TGFB1,Rep2,93,MAPK3,61,183
BXPC3,TGFB1,Rep2,93,MED15,19,183
BXPC3,TGFB1,Rep2,93,MYC,61,183
BXPC3,TGFB1,Rep2,93,NFKB1,54,183
BXPC3,TGFB1,Rep2,93,NRAS,22,183
BXPC3,TGFB1,Rep2,93,NT,183,183
BXPC3,TGFB1,Rep2,93,PAK1,163,183
BXPC3,TGFB1,Rep2,93,PIK3CA,33,183
BXPC3,TGFB1,Rep2,93,PPP2CA,70,183
BXPC3,TGFB1,Rep2,93,PRKCA,86,183
BXPC3,TGFB1,Rep2,93,RAF1,21,183
BXPC3,TGFB1,Rep2,93,RBL1,28,183
BXPC3,TGFB1,Rep2,93,RBX1,57,183
BXPC3,TGFB1,Rep2,93,RELA,106,183
BXPC3,TGFB1,Rep2,93,RHOA,25,183
BXPC3,TGFB1,Rep2,93,RPS6KB1,125,183
BXPC3,TGFB1,Rep2,93,RUNX1,157,183
BXPC3,TGFB1,Rep2,93,RUNX2,54,183
BXPC3,TGFB1,Rep2,93,RUNX3,82,183
BXPC3,TGFB1,Rep2,93,SKP1,2,183
BXPC3,TGFB1,Rep2,93,SMAD1,81,183
BXPC3,TGFB1,Rep2,93,SMAD2,173,183
BXPC3,TGFB1,Rep2,93,SMAD3,77,183
BXPC3,TGFB1,Rep2,93,SMAD4,70,183
BXPC3,TGFB1,Rep2,93,SMAD5,31,183
BXPC3,TGFB1,Rep2,93,SMAD6,101,183
BXPC3,TGFB1,Rep2,93,SMAD7,42,183
BXPC3,TGFB1,Rep2,93,SMAD9,130,183
BXPC3,TGFB1,Rep2,93,SMURF1,145,183
BXPC3,TGFB1,Rep2,93,SMURF2,88,183
BXPC3,TGFB1,Rep2,93,SP1,81,183
BXPC3,TGFB1,Rep2,93,TGFBR1,129,183
BXPC3,TGFB1,Rep2,93,TGFBR2,99,183
BXPC3,TGFB1,Rep2,93,TGFBR3,47,183
BXPC3,TGFB1,Rep2,93,TGIF1,32,183
BXPC3,TGFB1,Rep2,94,AKT1,100,162
BXPC3,TGFB1,Rep2,94,ATF2,29,162
BXPC3,TGFB1,Rep2,94,CHUK,27,162
BXPC3,TGFB1,Rep2,94,CREBBP,35,162
BXPC3,TGFB1,Rep2,94,CUL1,25,162
BXPC3,TGFB1,Rep2,94,EP300,56,162
BXPC3,TGFB1,Rep2,94,FOS,27,162
BXPC3,TGFB1,Rep2,94,FOXP2,50,162
BXPC3,TGFB1,Rep2,94,HDAC4,16,162
BXPC3,TGFB1,Rep2,94,HDAC5,73,162
BXPC3,TGFB1,Rep2,94,HRAS,170,162
BXPC3,TGFB1,Rep2,94,IKBKB,11,162
BXPC3,TGFB1,Rep2,94,IRF7,95,162
BXPC3,TGFB1,Rep2,94,JUN,71,162
BXPC3,TGFB1,Rep2,94,KRAS,128,162
BXPC3,TGFB1,Rep2,94,MAP3K7,102,162
BXPC3,TGFB1,Rep2,94,MAPK1,69,162
BXPC3,TGFB1,Rep2,94,MAPK14,98,162
BXPC3,TGFB1,Rep2,94,MAPK3,45,162
BXPC3,TGFB1,Rep2,94,MED15,15,162
BXPC3,TGFB1,Rep2,94,MYC,55,162
BXPC3,TGFB1,Rep2,94,NFKB1,39,162
BXPC3,TGFB1,Rep2,94,NRAS,18,162
BXPC3,TGFB1,Rep2,94,NT,162,162
BXPC3,TGFB1,Rep2,94,PAK1,131,162
BXPC3,TGFB1,Rep2,94,PIK3CA,50,162
BXPC3,TGFB1,Rep2,94,PPP2CA,86,162
BXPC3,TGFB1,Rep2,94,PRKCA,72,162
BXPC3,TGFB1,Rep2,94,RAF1,34,162
BXPC3,TGFB1,Rep2,94,RBL1,21,162
BXPC3,TGFB1,Rep2,94,RBX1,49,162
BXPC3,TGFB1,Rep2,94,RELA,76,162
BXPC3,TGFB1,Rep2,94,RHOA,31,162
BXPC3,TGFB1,Rep2,94,RPS6KB1,125,162
BXPC3,TGFB1,Rep2,94,RUNX1,114,162
BXPC3,TGFB1,Rep2,94,RUNX2,55,162
BXPC3,TGFB1,Rep2,94,RUNX3,77,162
BXPC3,TGFB1,Rep2,94,SKP1,3,162
BXPC3,TGFB1,Rep2,94,SMAD1,57,162
BXPC3,TGFB1,Rep2,94,SMAD2,143,162
BXPC3,TGFB1,Rep2,94,SMAD3,63,162
BXPC3,TGFB1,Rep2,94,SMAD4,49,162
BXPC3,TGFB1,Rep2,94,SMAD5,19,162
BXPC3,TGFB1,Rep2,94,SMAD6,78,162
BXPC3,TGFB1,Rep2,94,SMAD7,27,162
BXPC3,TGFB1,Rep2,94,SMAD9,96,162
BXPC3,TGFB1,Rep2,94,SMURF1,118,162
BXPC3,TGFB1,Rep2,94,SMURF2,86,162
BXPC3,TGFB1,Rep2,94,SP1,73,162
BXPC3,TGFB1,Rep2,94,TGFBR1,98,162
BXPC3,TGFB1,Rep2,94,TGFBR2,95,162
BXPC3,TGFB1,Rep2,94,TGFBR3,42,162
BXPC3,TGFB1,Rep2,94,TGIF1,23,162
BXPC3,TGFB1,Rep2,95,AKT1,79,170
BXPC3,TGFB1,Rep2,95,ATF2,29,170
BXPC3,TGFB1,Rep2,95,CHUK,29,170
BXPC3,TGFB1,Rep2,95,CREBBP,47,170
BXPC3,TGFB1,Rep2,95,CUL1,30,170
BXPC3,TGFB1,Rep2,95,EP300,45,170
BXPC3,TGFB1,Rep2,95,FOS,38,170
BXPC3,TGFB1,Rep2,95,FOXP2,45,170
BXPC3,TGFB1,Rep2,95,HDAC4,13,170
BXPC3,TGFB1,Rep2,95,HDAC5,100,170
BXPC3,TGFB1,Rep2,95,HRAS,171,170
BXPC3,TGFB1,Rep2,95,IKBKB,8,170
BXPC3,TGFB1,Rep2,95,IRF7,83,170
BXPC3,TGFB1,Rep2,95,JUN,84,170
BXPC3,TGFB1,Rep2,95,KRAS,125,170
BXPC3,TGFB1,Rep2,95,MAP3K7,117,170
BXPC3,TGFB1,Rep2,95,MAPK1,64,170
BXPC3,TGFB1,Rep2,95,MAPK14,126,170
BXPC3,TGFB1,Rep2,95,MAPK3,61,170
BXPC3,TGFB1,Rep2,95,MED15,22,170
BXPC3,TGFB1,Rep2,95,MYC,65,170
BXPC3,TGFB1,Rep2,95,NFKB1,51,170
BXPC3,TGFB1,Rep2,95,NRAS,17,170
BXPC3,TGFB1,Rep2,95,NT,170,170
BXPC3,TGFB1,Rep2,95,PAK1,121,170
BXPC3,TGFB1,Rep2,95,PIK3CA,51,170
BXPC3,TGFB1,Rep2,95,PPP2CA,77,170
BXPC3,TGFB1,Rep2,95,PRKCA,89,170
BXPC3,TGFB1,Rep2,95,RAF1,28,170
BXPC3,TGFB1,Rep2,95,RBL1,28,170
BXPC3,TGFB1,Rep2,95,RBX1,31,170
BXPC3,TGFB1,Rep2,95,RELA,86,170
BXPC3,TGFB1,Rep2,95,RHOA,23,170
BXPC3,TGFB1,Rep2,95,RPS6KB1,103,170
BXPC3,TGFB1,Rep2,95,RUNX1,116,170
BXPC3,TGFB1,Rep2,95,RUNX2,62,170
BXPC3,TGFB1,Rep2,95,RUNX3,70,170
BXPC3,TGFB1,Rep2,95,SKP1,1,170
BXPC3,TGFB1,Rep2,95,SMAD1,49,170
BXPC3,TGFB1,Rep2,95,SMAD2,165,170
BXPC3,TGFB1,Rep2,95,SMAD3,65,170
BXPC3,TGFB1,Rep2,95,SMAD4,52,170
BXPC3,TGFB1,Rep2,95,SMAD5,29,170
BXPC3,TGFB1,Rep2,95,SMAD6,106,170
BXPC3,TGFB1,Rep2,95,SMAD7,28,170
BXPC3,TGFB1,Rep2,95,SMAD9,105,170
BXPC3,TGFB1,Rep2,95,SMURF1,132,170
BXPC3,TGFB1,Rep2,95,SMURF2,102,170
BXPC3,TGFB1,Rep2,95,SP1,74,170
BXPC3,TGFB1,Rep2,95,TGFBR1,101,170
BXPC3,TGFB1,Rep2,95,TGFBR2,80,170
BXPC3,TGFB1,Rep2,95,TGFBR3,34,170
BXPC3,TGFB1,Rep2,95,TGIF1,22,170
BXPC3,TGFB1,Rep2,96,AKT1,123,187
BXPC3,TGFB1,Rep2,96,ATF2,36,187
BXPC3,TGFB1,Rep2,96,CHUK,24,187
BXPC3,TGFB1,Rep2,96,CREBBP,47,187
BXPC3,TGFB1,Rep2,96,CUL1,31,187
BXPC3,TGFB1,Rep2,96,EP300,51,187
BXPC3,TGFB1,Rep2,96,FOS,38,187
BXPC3,TGFB1,Rep2,96,FOXP2,61,187
BXPC3,TGFB1,Rep2,96,HDAC4,24,187
BXPC3,TGFB1,Rep2,96,HDAC5,78,187
BXPC3,TGFB1,Rep2,96,HRAS,172,187
BXPC3,TGFB1,Rep2,96,IKBKB,9,187
BXPC3,TGFB1,Rep2,96,IRF7,79,187
BXPC3,TGFB1,Rep2,96,JUN,87,187
BXPC3,TGFB1,Rep2,96,KRAS,143,187
BXPC3,TGFB1,Rep2,96,MAP3K7,117,187
BXPC3,TGFB1,Rep2,96,MAPK1,68,187
BXPC3,TGFB1,Rep2,96,MAPK14,135,187
BXPC3,TGFB1,Rep2,96,MAPK3,64,187
BXPC3,TGFB1,Rep2,96,MED15,26,187
BXPC3,TGFB1,Rep2,96,MYC,61,187
BXPC3,TGFB1,Rep2,96,NFKB1,52,187
BXPC3,TGFB1,Rep2,96,NRAS,20,187
BXPC3,TGFB1,Rep2,96,NT,187,187
BXPC3,TGFB1,Rep2,96,PAK1,165,187
BXPC3,TGFB1,Rep2,96,PIK3CA,41,187
BXPC3,TGFB1,Rep2,96,PPP2CA,80,187
BXPC3,TGFB1,Rep2,96,PRKCA,99,187
BXPC3,TGFB1,Rep2,96,RAF1,34,187
BXPC3,TGFB1,Rep2,96,RBL1,30,187
BXPC3,TGFB1,Rep2,96,RBX1,49,187
BXPC3,TGFB1,Rep2,96,RELA,87,187
BXPC3,TGFB1,Rep2,96,RHOA,39,187
BXPC3,TGFB1,Rep2,96,RPS6KB1,98,187
BXPC3,TGFB1,Rep2,96,RUNX1,149,187
BXPC3,TGFB1,Rep2,96,RUNX2,57,187
BXPC3,TGFB1,Rep2,96,RUNX3,96,187
BXPC3,TGFB1,Rep2,96,SKP1,1,187
BXPC3,TGFB1,Rep2,96,SMAD1,76,187
BXPC3,TGFB1,Rep2,96,SMAD2,144,187
BXPC3,TGFB1,Rep2,96,SMAD3,86,187
BXPC3,TGFB1,Rep2,96,SMAD4,70,187
BXPC3,TGFB1,Rep2,96,SMAD5,27,187
BXPC3,TGFB1,Rep2,96,SMAD6,92,187
BXPC3,TGFB1,Rep2,96,SMAD7,54,187
BXPC3,TGFB1,Rep2,96,SMAD9,98,187
BXPC3,TGFB1,Rep2,96,SMURF1,120,187
BXPC3,TGFB1,Rep2,96,SMURF2,106,187
BXPC3,TGFB1,Rep2,96,SP1,85,187
BXPC3,TGFB1,Rep2,96,TGFBR1,103,187
BXPC3,TGFB1,Rep2,96,TGFBR2,91,187
BXPC3,TGFB1,Rep2,96,TGFBR3,48,187
BXPC3,TGFB1,Rep2,96,TGIF1,19,187
HAP1,TGFB1,Rep1,91,AKT1,246,531
HAP1,TGFB1,Rep1,91,ATF2,125,531
HAP1,TGFB1,Rep1,91,CHUK,160,531
HAP1,TGFB1,Rep1,91,CREBBP,35,531
HAP1,TGFB1,Rep1,91,CUL1,13,531
HAP1,TGFB1,Rep1,91,EP300,78,531
HAP1,TGFB1,Rep1,91,FOS,188,531
HAP1,TGFB1,Rep1,91,FOXP2,82,531
HAP1,TGFB1,Rep1,91,HDAC4,90,531
HAP1,TGFB1,Rep1,91,HDAC5,449,531
HAP1,TGFB1,Rep1,91,HRAS,817,531
HAP1,TGFB1,Rep1,91,IKBKB,60,531
HAP1,TGFB1,Rep1,91,IRF7,320,531
HAP1,TGFB1,Rep1,91,JUN,299,531
HAP1,TGFB1,Rep1,91,KRAS,174,531
HAP1,TGFB1,Rep1,91,MAP3K7,305,531
HAP1,TGFB1,Rep1,91,MAPK1,185,531
HAP1,TGFB1,Rep1,91,MAPK14,247,531
HAP1,TGFB1,Rep1,91,MAPK3,277,531
HAP1,TGFB1,Rep1,91,MED15,109,531
HAP1,TGFB1,Rep1,91,MYC,333,531
HAP1,TGFB1,Rep1,91,NFKB1,69,531
HAP1,TGFB1,Rep1,91,NRAS,55,531
HAP1,TGFB1,Rep1,91,NT,531,531
HAP1,TGFB1,Rep1,91,PAK1,478,531
HAP1,TGFB1,Rep1,91,PIK3CA,54,531
HAP1,TGFB1,Rep1,91,PPP2CA,39,531
HAP1,TGFB1,Rep1,91,PRKCA,383,531
HAP1,TGFB1,Rep1,91,RAF1,95,531
HAP1,TGFB1,Rep1,91,RBL1,97,531
HAP1,TGFB1,Rep1,91,RBX1,39,531
HAP1,TGFB1,Rep1,91,RELA,206,531
HAP1,TGFB1,Rep1,91,RHOA,29,531
HAP1,TGFB1,Rep1,91,RPS6KB1,108,531
HAP1,TGFB1,Rep1,91,RUNX1,681,531
HAP1,TGFB1,Rep1,91,RUNX2,184,531
HAP1,TGFB1,Rep1,91,RUNX3,333,531
HAP1,TGFB1,Rep1,91,SKP1,12,531
HAP1,TGFB1,Rep1,91,SMAD1,166,531
HAP1,TGFB1,Rep1,91,SMAD2,204,531
HAP1,TGFB1,Rep1,91,SMAD3,301,531
HAP1,TGFB1,Rep1,91,SMAD4,54,531
HAP1,TGFB1,Rep1,91,SMAD5,53,531
HAP1,TGFB1,Rep1,91,SMAD6,209,531
HAP1,TGFB1,Rep1,91,SMAD7,250,531
HAP1,TGFB1,Rep1,91,SMAD9,289,531
HAP1,TGFB1,Rep1,91,SMURF1,719,531
HAP1,TGFB1,Rep1,91,SMURF2,304,531
HAP1,TGFB1,Rep1,91,SP1,157,531
HAP1,TGFB1,Rep1,91,TGFBR1,615,531
HAP1,TGFB1,Rep1,91,TGFBR2,475,531
HAP1,TGFB1,Rep1,91,TGFBR3,140,531
HAP1,TGFB1,Rep1,91,TGIF1,164,531
HAP1,TGFB1,Rep1,92,AKT1,258,526
HAP1,TGFB1,Rep1,92,ATF2,133,526
HAP1,TGFB1,Rep1,92,CHUK,143,526
HAP1,TGFB1,Rep1,92,CREBBP,26,526
HAP1,TGFB1,Rep1,92,CUL1,14,526
HAP1,TGFB1,Rep1,92,EP300,63,526
HAP1,TGFB1,Rep1,92,FOS,183,526
HAP1,TGFB1,Rep1,92,FOXP2,79,526
HAP1,TGFB1,Rep1,92,HDAC4,64,526
HAP1,TGFB1,Rep1,92,HDAC5,429,526
HAP1,TGFB1,Rep1,92,HRAS,763,526
HAP1,TGFB1,Rep1,92,IKBKB,57,526
HAP1,TGFB1,Rep1,92,IRF7,312,526
HAP1,TGFB1,Rep1,92,JUN,279,526
HAP1,TGFB1,Rep1,92,KRAS,158,526
HAP1,TGFB1,Rep1,92,MAP3K7,333,526
HAP1,TGFB1,Rep1,92,MAPK1,163,526
HAP1,TGFB1,Rep1,92,MAPK14,257,526
HAP1,TGFB1,Rep1,92,MAPK3,228,526
HAP1,TGFB1,Rep1,92,MED15,89,526
HAP1,TGFB1,Rep1,92,MYC,343,526
HAP1,TGFB1,Rep1,92,NFKB1,83,526
HAP1,TGFB1,Rep1,92,NRAS,51,526
HAP1,TGFB1,Rep1,92,NT,526,526
HAP1,TGFB1,Rep1,92,PAK1,426,526
HAP1,TGFB1,Rep1,92,PIK3CA,69,526
HAP1,TGFB1,Rep1,92,PPP2CA,41,526
HAP1,TGFB1,Rep1,92,PRKCA,376,526
HAP1,TGFB1,Rep1,92,RAF1,90,526
HAP1,TGFB1,Rep1,92,RBL1,76,526
HAP1,TGFB1,Rep1,92,RBX1,36,526
HAP1,TGFB1,Rep1,92,RELA,206,526
HAP1,TGFB1,Rep1,92,RHOA,22,526
HAP1,TGFB1,Rep1,92,RPS6KB1,94,526
HAP1,TGFB1,Rep1,92,RUNX1,640,526
HAP1,TGFB1,Rep1,92,RUNX2,169,526
HAP1,TGFB1,Rep1,92,RUNX3,321,526
HAP1,TGFB1,Rep1,92,SKP1,13,526
HAP1,TGFB1,Rep1,92,SMAD1,170,526
HAP1,TGFB1,Rep1,92,SMAD2,205,526
HAP1,TGFB1,Rep1,92,SMAD3,293,526
HAP1,TGFB1,Rep1,92,SMAD4,66,526
HAP1,TGFB1,Rep1,92,SMAD5,54,526
HAP1,TGFB1,Rep1,92,SMAD6,230,526
HAP1,TGFB1,Rep1,92,SMAD7,245,526
HAP1,TGFB1,Rep1,92,SMAD9,319,526
HAP1,TGFB1,Rep1,92,SMURF1,749,526
HAP1,TGFB1,Rep1,92,SMURF2,319,526
HAP1,TGFB1,Rep1,92,SP1,145,526
HAP1,TGFB1,Rep1,92,TGFBR1,600,526
HAP1,TGFB1,Rep1,92,TGFBR2,475,526
HAP1,TGFB1,Rep1,92,TGFBR3,157,526
HAP1,TGFB1,Rep1,92,TGIF1,154,526
HAP1,TGFB1,Rep1,93,AKT1,254,430
HAP1,TGFB1,Rep1,93,ATF2,128,430
HAP1,TGFB1,Rep1,93,CHUK,142,430
HAP1,TGFB1,Rep1,93,CREBBP,24,430
HAP1,TGFB1,Rep1,93,CUL1,17,430
HAP1,TGFB1,Rep1,93,EP300,57,430
HAP1,TGFB1,Rep1,93,FOS,156,430
HAP1,TGFB1,Rep1,93,FOXP2,72,430
HAP1,TGFB1,Rep1,93,HDAC4,60,430
HAP1,TGFB1,Rep1,93,HDAC5,398,430
HAP1,TGFB1,Rep1,93,HRAS,672,430
HAP1,TGFB1,Rep1,93,IKBKB,44,430
HAP1,TGFB1,Rep1,93,IRF7,257,430
HAP1,TGFB1,Rep1,93,JUN,244,430
HAP1,TGFB1,Rep1,93,KRAS,162,430
HAP1,TGFB1,Rep1,93,MAP3K7,275,430
HAP1,TGFB1,Rep1,93,MAPK1,169,430
HAP1,TGFB1,Rep1,93,MAPK14,214,430
HAP1,TGFB1,Rep1,93,MAPK3,222,430
HAP1,TGFB1,Rep1,93,MED15,106,430
HAP1,TGFB1,Rep1,93,MYC,312,430
HAP1,TGFB1,Rep1,93,NFKB1,70,430
HAP1,TGFB1,Rep1,93,NRAS,49,430
HAP1,TGFB1,Rep1,93,NT,430,430
HAP1,TGFB1,Rep1,93,PAK1,423,430
HAP1,TGFB1,Rep1,93,PIK3CA,54,430
HAP1,TGFB1,Rep1,93,PPP2CA,42,430
HAP1,TGFB1,Rep1,93,PRKCA,352,430
HAP1,TGFB1,Rep1,93,RAF1,94,430
HAP1,TGFB1,Rep1,93,RBL1,78,430
HAP1,TGFB1,Rep1,93,RBX1,23,430
HAP1,TGFB1,Rep1,93,RELA,184,430
HAP1,TGFB1,Rep1,93,RHOA,23,430
HAP1,TGFB1,Rep1,93,RPS6KB1,108,430
HAP1,TGFB1,Rep1,93,RUNX1,545,430
HAP1,TGFB1,Rep1,93,RUNX2,127,430
HAP1,TGFB1,Rep1,93,RUNX3,270,430
HAP1,TGFB1,Rep1,93,SKP1,12,430
HAP1,TGFB1,Rep1,93,SMAD1,151,430
HAP1,TGFB1,Rep1,93,SMAD2,191,430
HAP1,TGFB1,Rep1,93,SMAD3,265,430
HAP1,TGFB1,Rep1,93,SMAD4,59,430
HAP1,TGFB1,Rep1,93,SMAD5,51,430
HAP1,TGFB1,Rep1,93,SMAD6,198,430
HAP1,TGFB1,Rep1,93,SMAD7,222,430
HAP1,TGFB1,Rep1,93,SMAD9,266,430
HAP1,TGFB1,Rep1,93,SMURF1,598,430
HAP1,TGFB1,Rep1,93,SMURF2,264,430
HAP1,TGFB1,Rep1,93,SP1,134,430
HAP1,TGFB1,Rep1,93,TGFBR1,532,430
HAP1,TGFB1,Rep1,93,TGFBR2,367,430
HAP1,TGFB1,Rep1,93,TGFBR3,146,430
HAP1,TGFB1,Rep1,93,TGIF1,140,430
HAP1,TGFB1,Rep2,85,AKT1,134,201
HAP1,TGFB1,Rep2,85,ATF2,58,201
HAP1,TGFB1,Rep2,85,CHUK,67,201
HAP1,TGFB1,Rep2,85,CREBBP,13,201
HAP1,TGFB1,Rep2,85,CUL1,8,201
HAP1,TGFB1,Rep2,85,EP300,31,201
HAP1,TGFB1,Rep2,85,FOS,86,201
HAP1,TGFB1,Rep2,85,FOXP2,25,201
HAP1,TGFB1,Rep2,85,HDAC4,34,201
HAP1,TGFB1,Rep2,85,HDAC5,182,201
HAP1,TGFB1,Rep2,85,HRAS,296,201
HAP1,TGFB1,Rep2,85,IKBKB,12,201
HAP1,TGFB1,Rep2,85,IRF7,131,201
HAP1,TGFB1,Rep2,85,JUN,109,201
HAP1,TGFB1,Rep2,85,KRAS,57,201
HAP1,TGFB1,Rep2,85,MAP3K7,107,201
HAP1,TGFB1,Rep2,85,MAPK1,73,201
HAP1,TGFB1,Rep2,85,MAPK14,90,201
HAP1,TGFB1,Rep2,85,MAPK3,95,201
HAP1,TGFB1,Rep2,85,MED15,41,201
HAP1,TGFB1,Rep2,85,MYC,130,201
HAP1,TGFB1,Rep2,85,NFKB1,38,201
HAP1,TGFB1,Rep2,85,NRAS,34,201
HAP1,TGFB1,Rep2,85,NT,201,201
HAP1,TGFB1,Rep2,85,PAK1,178,201
HAP1,TGFB1,Rep2,85,PIK3CA,35,201
HAP1,TGFB1,Rep2,85,PPP2CA,21,201
HAP1,TGFB1,Rep2,85,PRKCA,166,201
HAP1,TGFB1,Rep2,85,RAF1,38,201
HAP1,TGFB1,Rep2,85,RBL1,33,201
HAP1,TGFB1,Rep2,85,RBX1,16,201
HAP1,TGFB1,Rep2,85,RELA,81,201
HAP1,TGFB1,Rep2,85,RHOA,12,201
HAP1,TGFB1,Rep2,85,RPS6KB1,45,201
HAP1,TGFB1,Rep2,85,RUNX1,255,201
HAP1,TGFB1,Rep2,85,RUNX2,80,201
HAP1,TGFB1,Rep2,85,RUNX3,122,201
HAP1,TGFB1,Rep2,85,SKP1,4,201
HAP1,TGFB1,Rep2,85,SMAD1,55,201
HAP1,TGFB1,Rep2,85,SMAD2,86,201
HAP1,TGFB1,Rep2,85,SMAD3,117,201
HAP1,TGFB1,Rep2,85,SMAD4,28,201
HAP1,TGFB1,Rep2,85,SMAD5,30,201
HAP1,TGFB1,Rep2,85,SMAD6,99,201
HAP1,TGFB1,Rep2,85,SMAD7,91,201
HAP1,TGFB1,Rep2,85,SMAD9,113,201
HAP1,TGFB1,Rep2,85,SMURF1,273,201
HAP1,TGFB1,Rep2,85,SMURF2,151,201
HAP1,TGFB1,Rep2,85,SP1,24,201
HAP1,TGFB1,Rep2,85,TGFBR1,220,201
HAP1,TGFB1,Rep2,85,TGFBR2,176,201
HAP1,TGFB1,Rep2,85,TGFBR3,68,201
HAP1,TGFB1,Rep2,85,TGIF1,60,201
HAP1,TGFB1,Rep2,86,AKT1,124,262
HAP1,TGFB1,Rep2,86,ATF2,70,262
HAP1,TGFB1,Rep2,86,CHUK,96,262
HAP1,TGFB1,Rep2,86,CREBBP,27,262
HAP1,TGFB1,Rep2,86,CUL1,7,262
HAP1,TGFB1,Rep2,86,EP300,32,262
HAP1,TGFB1,Rep2,86,FOS,98,262
HAP1,TGFB1,Rep2,86,FOXP2,34,262
HAP1,TGFB1,Rep2,86,HDAC4,29,262
HAP1,TGFB1,Rep2,86,HDAC5,224,262
HAP1,TGFB1,Rep2,86,HRAS,360,262
HAP1,TGFB1,Rep2,86,IKBKB,34,262
HAP1,TGFB1,Rep2,86,IRF7,140,262
HAP1,TGFB1,Rep2,86,JUN,150,262
HAP1,TGFB1,Rep2,86,KRAS,82,262
HAP1,TGFB1,Rep2,86,MAP3K7,130,262
HAP1,TGFB1,Rep2,86,MAPK1,102,262
HAP1,TGFB1,Rep2,86,MAPK14,137,262
HAP1,TGFB1,Rep2,86,MAPK3,97,262
HAP1,TGFB1,Rep2,86,MED15,47,262
HAP1,TGFB1,Rep2,86,MYC,187,262
HAP1,TGFB1,Rep2,86,NFKB1,32,262
HAP1,TGFB1,Rep2,86,NRAS,26,262
HAP1,TGFB1,Rep2,86,NT,262,262
HAP1,TGFB1,Rep2,86,PAK1,206,262
HAP1,TGFB1,Rep2,86,PIK3CA,45,262
HAP1,TGFB1,Rep2,86,PPP2CA,24,262
HAP1,TGFB1,Rep2,86,PRKCA,190,262
HAP1,TGFB1,Rep2,86,RAF1,51,262
HAP1,TGFB1,Rep2,86,RBL1,46,262
HAP1,TGFB1,Rep2,86,RBX1,25,262
HAP1,TGFB1,Rep2,86,RELA,96,262
HAP1,TGFB1,Rep2,86,RHOA,12,262
HAP1,TGFB1,Rep2,86,RPS6KB1,53,262
HAP1,TGFB1,Rep2,86,RUNX1,301,262
HAP1,TGFB1,Rep2,86,RUNX2,98,262
HAP1,TGFB1,Rep2,86,RUNX3,128,262
HAP1,TGFB1,Rep2,86,SKP1,8,262
HAP1,TGFB1,Rep2,86,SMAD1,71,262
HAP1,TGFB1,Rep2,86,SMAD2,106,262
HAP1,TGFB1,Rep2,86,SMAD3,154,262
HAP1,TGFB1,Rep2,86,SMAD4,23,262
HAP1,TGFB1,Rep2,86,SMAD5,25,262
HAP1,TGFB1,Rep2,86,SMAD6,124,262
HAP1,TGFB1,Rep2,86,SMAD7,106,262
HAP1,TGFB1,Rep2,86,SMAD9,135,262
HAP1,TGFB1,Rep2,86,SMURF1,362,262
HAP1,TGFB1,Rep2,86,SMURF2,159,262
HAP1,TGFB1,Rep2,86,SP1,30,262
HAP1,TGFB1,Rep2,86,TGFBR1,291,262
HAP1,TGFB1,Rep2,86,TGFBR2,232,262
HAP1,TGFB1,Rep2,86,TGFBR3,74,262
HAP1,TGFB1,Rep2,86,TGIF1,89,262
HAP1,TGFB1,Rep2,87,AKT1,141,242
HAP1,TGFB1,Rep2,87,ATF2,56,242
HAP1,TGFB1,Rep2,87,CHUK,85,242
HAP1,TGFB1,Rep2,87,CREBBP,29,242
HAP1,TGFB1,Rep2,87,CUL1,7,242
HAP1,TGFB1,Rep2,87,EP300,48,242
HAP1,TGFB1,Rep2,87,FOS,95,242
HAP1,TGFB1,Rep2,87,FOXP2,31,242
HAP1,TGFB1,Rep2,87,HDAC4,34,242
HAP1,TGFB1,Rep2,87,HDAC5,189,242
HAP1,TGFB1,Rep2,87,HRAS,333,242
HAP1,TGFB1,Rep2,87,IKBKB,29,242
HAP1,TGFB1,Rep2,87,IRF7,165,242
HAP1,TGFB1,Rep2,87,JUN,146,242
HAP1,TGFB1,Rep2,87,KRAS,65,242
HAP1,TGFB1,Rep2,87,MAP3K7,152,242
HAP1,TGFB1,Rep2,87,MAPK1,80,242
HAP1,TGFB1,Rep2,87,MAPK14,120,242
HAP1,TGFB1,Rep2,87,MAPK3,110,242
HAP1,TGFB1,Rep2,87,MED15,53,242
HAP1,TGFB1,Rep2,87,MYC,153,242
HAP1,TGFB1,Rep2,87,NFKB1,34,242
HAP1,TGFB1,Rep2,87,NRAS,20,242
HAP1,TGFB1,Rep2,87,NT,242,242
HAP1,TGFB1,Rep2,87,PAK1,183,242
HAP1,TGFB1,Rep2,87,PIK3CA,39,242
HAP1,TGFB1,Rep2,87,PPP2CA,23,242
HAP1,TGFB1,Rep2,87,PRKCA,199,242
HAP1,TGFB1,Rep2,87,RAF1,39,242
HAP1,TGFB1,Rep2,87,RBL1,43,242
HAP1,TGFB1,Rep2,87,RBX1,17,242
HAP1,TGFB1,Rep2,87,RELA,97,242
HAP1,TGFB1,Rep2,87,RHOA,12,242
HAP1,TGFB1,Rep2,87,RPS6KB1,64,242
HAP1,TGFB1,Rep2,87,RUNX1,327,242
HAP1,TGFB1,Rep2,87,RUNX2,80,242
HAP1,TGFB1,Rep2,87,RUNX3,154,242
HAP1,TGFB1,Rep2,87,SKP1,9,242
HAP1,TGFB1,Rep2,87,SMAD1,78,242
HAP1,TGFB1,Rep2,87,SMAD2,116,242
HAP1,TGFB1,Rep2,87,SMAD3,185,242
HAP1,TGFB1,Rep2,87,SMAD4,24,242
HAP1,TGFB1,Rep2,87,SMAD5,38,242
HAP1,TGFB1,Rep2,87,SMAD6,114,242
HAP1,TGFB1,Rep2,87,SMAD7,119,242
HAP1,TGFB1,Rep2,87,SMAD9,133,242
HAP1,TGFB1,Rep2,87,SMURF1,350,242
HAP1,TGFB1,Rep2,87,SMURF2,164,242
HAP1,TGFB1,Rep2,87,SP1,26,242
HAP1,TGFB1,Rep2,87,TGFBR1,269,242
HAP1,TGFB1,Rep2,87,TGFBR2,201,242
HAP1,TGFB1,Rep2,87,TGFBR3,56,242
HAP1,TGFB1,Rep2,87,TGIF1,52,242
HAP1,TGFB1,Rep2,88,AKT1,138,258
HAP1,TGFB1,Rep2,88,ATF2,62,258
HAP1,TGFB1,Rep2,88,CHUK,84,258
HAP1,TGFB1,Rep2,88,CREBBP,15,258
HAP1,TGFB1,Rep2,88,CUL1,8,258
HAP1,TGFB1,Rep2,88,EP300,39,258
HAP1,TGFB1,Rep2,88,FOS,83,258
HAP1,TGFB1,Rep2,88,FOXP2,39,258
HAP1,TGFB1,Rep2,88,HDAC4,33,258
HAP1,TGFB1,Rep2,88,HDAC5,213,258
HAP1,TGFB1,Rep2,88,HRAS,405,258
HAP1,TGFB1,Rep2,88,IKBKB,27,258
HAP1,TGFB1,Rep2,88,IRF7,150,258
HAP1,TGFB1,Rep2,88,JUN,154,258
HAP1,TGFB1,Rep2,88,KRAS,90,258
HAP1,TGFB1,Rep2,88,MAP3K7,145,258
HAP1,TGFB1,Rep2,88,MAPK1,77,258
HAP1,TGFB1,Rep2,88,MAPK14,119,258
HAP1,TGFB1,Rep2,88,MAPK3,112,258
HAP1,TGFB1,Rep2,88,MED15,40,258
HAP1,TGFB1,Rep2,88,MYC,171,258
HAP1,TGFB1,Rep2,88,NFKB1,37,258
HAP1,TGFB1,Rep2,88,NRAS,31,258
HAP1,TGFB1,Rep2,88,NT,258,258
HAP1,TGFB1,Rep2,88,PAK1,213,258
HAP1,TGFB1,Rep2,88,PIK3CA,34,258
HAP1,TGFB1,Rep2,88,PPP2CA,26,258
HAP1,TGFB1,Rep2,88,PRKCA,186,258
HAP1,TGFB1,Rep2,88,RAF1,46,258
HAP1,TGFB1,Rep2,88,RBL1,42,258
HAP1,TGFB1,Rep2,88,RBX1,16,258
HAP1,TGFB1,Rep2,88,RELA,93,258
HAP1,TGFB1,Rep2,88,RHOA,14,258
HAP1,TGFB1,Rep2,88,RPS6KB1,52,258
HAP1,TGFB1,Rep2,88,RUNX1,288,258
HAP1,TGFB1,Rep2,88,RUNX2,86,258
HAP1,TGFB1,Rep2,88,RUNX3,149,258
HAP1,TGFB1,Rep2,88,SKP1,10,258
HAP1,TGFB1,Rep2,88,SMAD1,76,258
HAP1,TGFB1,Rep2,88,SMAD2,124,258
HAP1,TGFB1,Rep2,88,SMAD3,149,258
HAP1,TGFB1,Rep2,88,SMAD4,28,258
HAP1,TGFB1,Rep2,88,SMAD5,31,258
HAP1,TGFB1,Rep2,88,SMAD6,97,258
HAP1,TGFB1,Rep2,88,SMAD7,112,258
HAP1,TGFB1,Rep2,88,SMAD9,159,258
HAP1,TGFB1,Rep2,88,SMURF1,292,258
HAP1,TGFB1,Rep2,88,SMURF2,180,258
HAP1,TGFB1,Rep2,88,SP1,29,258
HAP1,TGFB1,Rep2,88,TGFBR1,253,258
HAP1,TGFB1,Rep2,88,TGFBR2,205,258
HAP1,TGFB1,Rep2,88,TGFBR3,71,258
HAP1,TGFB1,Rep2,88,TGIF1,66,258
HT29,TGFB1,Rep1,94,AKT1,332,591
HT29,TGFB1,Rep1,94,ATF2,135,591
HT29,TGFB1,Rep1,94,CHUK,110,591
HT29,TGFB1,Rep1,94,CREBBP,172,591
HT29,TGFB1,Rep1,94,CUL1,29,591
HT29,TGFB1,Rep1,94,EP300,58,591
HT29,TGFB1,Rep1,94,FOS,178,591
HT29,TGFB1,Rep1,94,FOXP2,122,591
HT29,TGFB1,Rep1,94,HDAC4,98,591
HT29,TGFB1,Rep1,94,HDAC5,433,591
HT29,TGFB1,Rep1,94,HRAS,519,591
HT29,TGFB1,Rep1,94,IKBKB,63,591
HT29,TGFB1,Rep1,94,IRF7,247,591
HT29,TGFB1,Rep1,94,JUN,225,591
HT29,TGFB1,Rep1,94,KRAS,441,591
HT29,TGFB1,Rep1,94,MAP3K7,305,591
HT29,TGFB1,Rep1,94,MAPK1,95,591
HT29,TGFB1,Rep1,94,MAPK14,231,591
HT29,TGFB1,Rep1,94,MAPK3,222,591
HT29,TGFB1,Rep1,94,MED15,159,591
HT29,TGFB1,Rep1,94,MYC,299,591
HT29,TGFB1,Rep1,94,NFKB1,123,591
HT29,TGFB1,Rep1,94,NRAS,59,591
HT29,TGFB1,Rep1,94,NT,591,591
HT29,TGFB1,Rep1,94,PAK1,370,591
HT29,TGFB1,Rep1,94,PIK3CA,171,591
HT29,TGFB1,Rep1,94,PPP2CA,91,591
HT29,TGFB1,Rep1,94,PRKCA,320,591
HT29,TGFB1,Rep1,94,RAF1,113,591
HT29,TGFB1,Rep1,94,RBL1,125,591
HT29,TGFB1,Rep1,94,RBX1,75,591
HT29,TGFB1,Rep1,94,RELA,162,591
HT29,TGFB1,Rep1,94,RHOA,87,591
HT29,TGFB1,Rep1,94,RPS6KB1,381,591
HT29,TGFB1,Rep1,94,RUNX1,622,591
HT29,TGFB1,Rep1,94,RUNX2,145,591
HT29,TGFB1,Rep1,94,RUNX3,243,591
HT29,TGFB1,Rep1,94,SKP1,43,591
HT29,TGFB1,Rep1,94,SMAD1,195,591
HT29,TGFB1,Rep1,94,SMAD2,398,591
HT29,TGFB1,Rep1,94,SMAD3,452,591
HT29,TGFB1,Rep1,94,SMAD4,126,591
HT29,TGFB1,Rep1,94,SMAD5,88,591
HT29,TGFB1,Rep1,94,SMAD6,379,591
HT29,TGFB1,Rep1,94,SMAD7,212,591
HT29,TGFB1,Rep1,94,SMAD9,350,591
HT29,TGFB1,Rep1,94,SMURF1,593,591
HT29,TGFB1,Rep1,94,SMURF2,289,591
HT29,TGFB1,Rep1,94,SP1,229,591
HT29,TGFB1,Rep1,94,TGFBR1,326,591
HT29,TGFB1,Rep1,94,TGFBR2,443,591
HT29,TGFB1,Rep1,94,TGFBR3,139,591
HT29,TGFB1,Rep1,94,TGIF1,154,591
HT29,TGFB1,Rep1,95,AKT1,295,459
HT29,TGFB1,Rep1,95,ATF2,104,459
HT29,TGFB1,Rep1,95,CHUK,63,459
HT29,TGFB1,Rep1,95,CREBBP,165,459
HT29,TGFB1,Rep1,95,CUL1,18,459
HT29,TGFB1,Rep1,95,EP300,56,459
HT29,TGFB1,Rep1,95,FOS,146,459
HT29,TGFB1,Rep1,95,FOXP2,130,459
HT29,TGFB1,Rep1,95,HDAC4,83,459
HT29,TGFB1,Rep1,95,HDAC5,322,459
HT29,TGFB1,Rep1,95,HRAS,414,459
HT29,TGFB1,Rep1,95,IKBKB,58,459
HT29,TGFB1,Rep1,95,IRF7,215,459
HT29,TGFB1,Rep1,95,JUN,184,459
HT29,TGFB1,Rep1,95,KRAS,379,459
HT29,TGFB1,Rep1,95,MAP3K7,243,459
HT29,TGFB1,Rep1,95,MAPK1,85,459
HT29,TGFB1,Rep1,95,MAPK14,208,459
HT29,TGFB1,Rep1,95,MAPK3,154,459
HT29,TGFB1,Rep1,95,MED15,126,459
HT29,TGFB1,Rep1,95,MYC,240,459
HT29,TGFB1,Rep1,95,NFKB1,104,459
HT29,TGFB1,Rep1,95,NRAS,61,459
HT29,TGFB1,Rep1,95,NT,459,459
HT29,TGFB1,Rep1,95,PAK1,311,459
HT29,TGFB1,Rep1,95,PIK3CA,117,459
HT29,TGFB1,Rep1,95,PPP2CA,74,459
HT29,TGFB1,Rep1,95,PRKCA,269,459
HT29,TGFB1,Rep1,95,RAF1,107,459
HT29,TGFB1,Rep1,95,RBL1,102,459
HT29,TGFB1,Rep1,95,RBX1,66,459
HT29,TGFB1,Rep1,95,RELA,129,459
HT29,TGFB1,Rep1,95,RHOA,60,459
HT29,TGFB1,Rep1,95,RPS6KB1,302,459
HT29,TGFB1,Rep1,95,RUNX1,471,459
HT29,TGFB1,Rep1,95,RUNX2,143,459
HT29,TGFB1,Rep1,95,RUNX3,197,459
HT29,TGFB1,Rep1,95,SKP1,41,459
HT29,TGFB1,Rep1,95,SMAD1,148,459
HT29,TGFB1,Rep1,95,SMAD2,326,459
HT29,TGFB1,Rep1,95,SMAD3,386,459
HT29,TGFB1,Rep1,95,SMAD4,110,459
HT29,TGFB1,Rep1,95,SMAD5,60,459
HT29,TGFB1,Rep1,95,SMAD6,261,459
HT29,TGFB1,Rep1,95,SMAD7,161,459
HT29,TGFB1,Rep1,95,SMAD9,271,459
HT29,TGFB1,Rep1,95,SMURF1,471,459
HT29,TGFB1,Rep1,95,SMURF2,227,459
HT29,TGFB1,Rep1,95,SP1,208,459
HT29,TGFB1,Rep1,95,TGFBR1,237,459
HT29,TGFB1,Rep1,95,TGFBR2,332,459
HT29,TGFB1,Rep1,95,TGFBR3,120,459
HT29,TGFB1,Rep1,95,TGIF1,119,459
HT29,TGFB1,Rep1,96,AKT1,246,388
HT29,TGFB1,Rep1,96,ATF2,97,388
HT29,TGFB1,Rep1,96,CHUK,68,388
HT29,TGFB1,Rep1,96,CREBBP,128,388
HT29,TGFB1,Rep1,96,CUL1,22,388
HT29,TGFB1,Rep1,96,EP300,43,388
HT29,TGFB1,Rep1,96,FOS,107,388
HT29,TGFB1,Rep1,96,FOXP2,109,388
HT29,TGFB1,Rep1,96,HDAC4,68,388
HT29,TGFB1,Rep1,96,HDAC5,334,388
HT29,TGFB1,Rep1,96,HRAS,381,388
HT29,TGFB1,Rep1,96,IKBKB,38,388
HT29,TGFB1,Rep1,96,IRF7,193,388
HT29,TGFB1,Rep1,96,JUN,175,388
HT29,TGFB1,Rep1,96,KRAS,303,388
HT29,TGFB1,Rep1,96,MAP3K7,198,388
HT29,TGFB1,Rep1,96,MAPK1,70,388
HT29,TGFB1,Rep1,96,MAPK14,177,388
HT29,TGFB1,Rep1,96,MAPK3,164,388
HT29,TGFB1,Rep1,96,MED15,131,388
HT29,TGFB1,Rep1,96,MYC,229,388
HT29,TGFB1,Rep1,96,NFKB1,82,388
HT29,TGFB1,Rep1,96,NRAS,62,388
HT29,TGFB1,Rep1,96,NT,388,388
HT29,TGFB1,Rep1,96,PAK1,292,388
HT29,TGFB1,Rep1,96,PIK3CA,123,388
HT29,TGFB1,Rep1,96,PPP2CA,72,388
HT29,TGFB1,Rep1,96,PRKCA,238,388
HT29,TGFB1,Rep1,96,RAF1,101,388
HT29,TGFB1,Rep1,96,RBL1,98,388
HT29,TGFB1,Rep1,96,RBX1,56,388
HT29,TGFB1,Rep1,96,RELA,121,388
HT29,TGFB1,Rep1,96,RHOA,62,388
HT29,TGFB1,Rep1,96,RPS6KB1,242,388
HT29,TGFB1,Rep1,96,RUNX1,415,388
HT29,TGFB1,Rep1,96,RUNX2,107,388
HT29,TGFB1,Rep1,96,RUNX3,187,388
HT29,TGFB1,Rep1,96,SKP1,25,388
HT29,TGFB1,Rep1,96,SMAD1,159,388
HT29,TGFB1,Rep1,96,SMAD2,274,388
HT29,TGFB1,Rep1,96,SMAD3,337,388
HT29,TGFB1,Rep1,96,SMAD4,94,388
HT29,TGFB1,Rep1,96,SMAD5,67,388
HT29,TGFB1,Rep1,96,SMAD6,216,388
HT29,TGFB1,Rep1,96,SMAD7,147,388
HT29,TGFB1,Rep1,96,SMAD9,223,388
HT29,TGFB1,Rep1,96,SMURF1,423,388
HT29,TGFB1,Rep1,96,SMURF2,213,388
HT29,TGFB1,Rep1,96,SP1,167,388
HT29,TGFB1,Rep1,96,TGFBR1,213,388
HT29,TGFB1,Rep1,96,TGFBR2,310,388
HT29,TGFB1,Rep1,96,TGFBR3,94,388
HT29,TGFB1,Rep1,96,TGIF1,115,388
HT29,TGFB1,Rep2,89,AKT1,162,292
HT29,TGFB1,Rep2,89,ATF2,78,292
HT29,TGFB1,Rep2,89,CHUK,60,292
HT29,TGFB1,Rep2,89,CREBBP,94,292
HT29,TGFB1,Rep2,89,CUL1,11,292
HT29,TGFB1,Rep2,89,EP300,35,292
HT29,TGFB1,Rep2,89,FOS,91,292
HT29,TGFB1,Rep2,89,FOXP2,82,292
HT29,TGFB1,Rep2,89,HDAC4,46,292
HT29,TGFB1,Rep2,89,HDAC5,238,292
HT29,TGFB1,Rep2,89,HRAS,324,292
HT29,TGFB1,Rep2,89,IKBKB,25,292
HT29,TGFB1,Rep2,89,IRF7,153,292
HT29,TGFB1,Rep2,89,JUN,106,292
HT29,TGFB1,Rep2,89,KRAS,240,292
HT29,TGFB1,Rep2,89,MAP3K7,161,292
HT29,TGFB1,Rep2,89,MAPK1,49,292
HT29,TGFB1,Rep2,89,MAPK14,124,292
HT29,TGFB1,Rep2,89,MAPK3,97,292
HT29,TGFB1,Rep2,89,MED15,112,292
HT29,TGFB1,Rep2,89,MYC,140,292
HT29,TGFB1,Rep2,89,NFKB1,61,292
HT29,TGFB1,Rep2,89,NRAS,40,292
HT29,TGFB1,Rep2,89,NT,292,292
HT29,TGFB1,Rep2,89,PAK1,212,292
HT29,TGFB1,Rep2,89,PIK3CA,85,292
HT29,TGFB1,Rep2,89,PPP2CA,52,292
HT29,TGFB1,Rep2,89,PRKCA,194,292
HT29,TGFB1,Rep2,89,RAF1,95,292
HT29,TGFB1,Rep2,89,RBL1,64,292
HT29,TGFB1,Rep2,89,RBX1,52,292
HT29,TGFB1,Rep2,89,RELA,92,292
HT29,TGFB1,Rep2,89,RHOA,35,292
HT29,TGFB1,Rep2,89,RPS6KB1,200,292
HT29,TGFB1,Rep2,89,RUNX1,349,292
HT29,TGFB1,Rep2,89,RUNX2,90,292
HT29,TGFB1,Rep2,89,RUNX3,124,292
HT29,TGFB1,Rep2,89,SKP1,17,292
HT29,TGFB1,Rep2,89,SMAD1,106,292
HT29,TGFB1,Rep2,89,SMAD2,218,292
HT29,TGFB1,Rep2,89,SMAD3,270,292
HT29,TGFB1,Rep2,89,SMAD4,78,292
HT29,TGFB1,Rep2,89,SMAD5,39,292
HT29,TGFB1,Rep2,89,SMAD6,178,292
HT29,TGFB1,Rep2,89,SMAD7,115,292
HT29,TGFB1,Rep2,89,SMAD9,155,292
HT29,TGFB1,Rep2,89,SMURF1,347,292
HT29,TGFB1,Rep2,89,SMURF2,163,292
HT29,TGFB1,Rep2,89,SP1,79,292
HT29,TGFB1,Rep2,89,TGFBR1,148,292
HT29,TGFB1,Rep2,89,TGFBR2,219,292
HT29,TGFB1,Rep2,89,TGFBR3,65,292
HT29,TGFB1,Rep2,89,TGIF1,79,292
HT29,TGFB1,Rep2,90,AKT1,181,313
HT29,TGFB1,Rep2,90,ATF2,83,313
HT29,TGFB1,Rep2,90,CHUK,61,313
HT29,TGFB1,Rep2,90,CREBBP,129,313
HT29,TGFB1,Rep2,90,CUL1,19,313
HT29,TGFB1,Rep2,90,EP300,34,313
HT29,TGFB1,Rep2,90,FOS,121,313
HT29,TGFB1,Rep2,90,FOXP2,87,313
HT29,TGFB1,Rep2,90,HDAC4,47,313
HT29,TGFB1,Rep2,90,HDAC5,242,313
HT29,TGFB1,Rep2,90,HRAS,290,313
HT29,TGFB1,Rep2,90,IKBKB,28,313
HT29,TGFB1,Rep2,90,IRF7,170,313
HT29,TGFB1,Rep2,90,JUN,121,313
HT29,TGFB1,Rep2,90,KRAS,238,313
HT29,TGFB1,Rep2,90,MAP3K7,166,313
HT29,TGFB1,Rep2,90,MAPK1,48,313
HT29,TGFB1,Rep2,90,MAPK14,150,313
HT29,TGFB1,Rep2,90,MAPK3,139,313
HT29,TGFB1,Rep2,90,MED15,94,313
HT29,TGFB1,Rep2,90,MYC,162,313
HT29,TGFB1,Rep2,90,NFKB1,56,313
HT29,TGFB1,Rep2,90,NRAS,45,313
HT29,TGFB1,Rep2,90,NT,313,313
HT29,TGFB1,Rep2,90,PAK1,209,313
HT29,TGFB1,Rep2,90,PIK3CA,106,313
HT29,TGFB1,Rep2,90,PPP2CA,68,313
HT29,TGFB1,Rep2,90,PRKCA,185,313
HT29,TGFB1,Rep2,90,RAF1,71,313
HT29,TGFB1,Rep2,90,RBL1,60,313
HT29,TGFB1,Rep2,90,RBX1,58,313
HT29,TGFB1,Rep2,90,RELA,103,313
HT29,TGFB1,Rep2,90,RHOA,50,313
HT29,TGFB1,Rep2,90,RPS6KB1,184,313
HT29,TGFB1,Rep2,90,RUNX1,356,313
HT29,TGFB1,Rep2,90,RUNX2,93,313
HT29,TGFB1,Rep2,90,RUNX3,170,313
HT29,TGFB1,Rep2,90,SKP1,18,313
HT29,TGFB1,Rep2,90,SMAD1,116,313
HT29,TGFB1,Rep2,90,SMAD2,207,313
HT29,TGFB1,Rep2,90,SMAD3,285,313
HT29,TGFB1,Rep2,90,SMAD4,92,313
HT29,TGFB1,Rep2,90,SMAD5,53,313
HT29,TGFB1,Rep2,90,SMAD6,173,313
HT29,TGFB1,Rep2,90,SMAD7,95,313
HT29,TGFB1,Rep2,90,SMAD9,155,313
HT29,TGFB1,Rep2,90,SMURF1,324,313
HT29,TGFB1,Rep2,90,SMURF2,176,313
HT29,TGFB1,Rep2,90,SP1,69,313
HT29,TGFB1,Rep2,90,TGFBR1,127,313
HT29,TGFB1,Rep2,90,TGFBR2,214,313
HT29,TGFB1,Rep2,90,TGFBR3,82,313
HT29,TGFB1,Rep2,90,TGIF1,74,313
HT29,TGFB1,Rep2,91,AKT1,200,268
HT29,TGFB1,Rep2,91,ATF2,65,268
HT29,TGFB1,Rep2,91,CHUK,56,268
HT29,TGFB1,Rep2,91,CREBBP,98,268
HT29,TGFB1,Rep2,91,CUL1,16,268
HT29,TGFB1,Rep2,91,EP300,24,268
HT29,TGFB1,Rep2,91,FOS,83,268
HT29,TGFB1,Rep2,91,FOXP2,66,268
HT29,TGFB1,Rep2,91,HDAC4,44,268
HT29,TGFB1,Rep2,91,HDAC5,205,268
HT29,TGFB1,Rep2,91,HRAS,275,268
HT29,TGFB1,Rep2,91,IKBKB,27,268
HT29,TGFB1,Rep2,91,IRF7,146,268
HT29,TGFB1,Rep2,91,JUN,103,268
HT29,TGFB1,Rep2,91,KRAS,191,268
HT29,TGFB1,Rep2,91,MAP3K7,148,268
HT29,TGFB1,Rep2,91,MAPK1,57,268
HT29,TGFB1,Rep2,91,MAPK14,148,268
HT29,TGFB1,Rep2,91,MAPK3,104,268
HT29,TGFB1,Rep2,91,MED15,110,268
HT29,TGFB1,Rep2,91,MYC,161,268
HT29,TGFB1,Rep2,91,NFKB1,55,268
HT29,TGFB1,Rep2,91,NRAS,30,268
HT29,TGFB1,Rep2,91,NT,268,268
HT29,TGFB1,Rep2,91,PAK1,226,268
HT29,TGFB1,Rep2,91,PIK3CA,90,268
HT29,TGFB1,Rep2,91,PPP2CA,58,268
HT29,TGFB1,Rep2,91,PRKCA,174,268
HT29,TGFB1,Rep2,91,RAF1,68,268
HT29,TGFB1,Rep2,91,RBL1,67,268
HT29,TGFB1,Rep2,91,RBX1,58,268
HT29,TGFB1,Rep2,91,RELA,81,268
HT29,TGFB1,Rep2,91,RHOA,40,268
HT29,TGFB1,Rep2,91,RPS6KB1,149,268
HT29,TGFB1,Rep2,91,RUNX1,325,268
HT29,TGFB1,Rep2,91,RUNX2,78,268
HT29,TGFB1,Rep2,91,RUNX3,131,268
HT29,TGFB1,Rep2,91,SKP1,20,268
HT29,TGFB1,Rep2,91,SMAD1,101,268
HT29,TGFB1,Rep2,91,SMAD2,200,268
HT29,TGFB1,Rep2,91,SMAD3,262,268
HT29,TGFB1,Rep2,91,SMAD4,80,268
HT29,TGFB1,Rep2,91,SMAD5,40,268
HT29,TGFB1,Rep2,91,SMAD6,205,268
HT29,TGFB1,Rep2,91,SMAD7,95,268
HT29,TGFB1,Rep2,91,SMAD9,182,268
HT29,TGFB1,Rep2,91,SMURF1,344,268
HT29,TGFB1,Rep2,91,SMURF2,158,268
HT29,TGFB1,Rep2,91,SP1,70,268
HT29,TGFB1,Rep2,91,TGFBR1,134,268
HT29,TGFB1,Rep2,91,TGFBR2,204,268
HT29,TGFB1,Rep2,91,TGFBR3,71,268
HT29,TGFB1,Rep2,91,TGIF1,82,268
HT29,TGFB1,Rep2,92,AKT1,180,309
HT29,TGFB1,Rep2,92,ATF2,78,309
HT29,TGFB1,Rep2,92,CHUK,51,309
HT29,TGFB1,Rep2,92,CREBBP,107,309
HT29,TGFB1,Rep2,92,CUL1,16,309
HT29,TGFB1,Rep2,92,EP300,37,309
HT29,TGFB1,Rep2,92,FOS,109,309
HT29,TGFB1,Rep2,92,FOXP2,71,309
HT29,TGFB1,Rep2,92,HDAC4,48,309
HT29,TGFB1,Rep2,92,HDAC5,210,309
HT29,TGFB1,Rep2,92,HRAS,285,309
HT29,TGFB1,Rep2,92,IKBKB,33,309
HT29,TGFB1,Rep2,92,IRF7,142,309
HT29,TGFB1,Rep2,92,JUN,124,309
HT29,TGFB1,Rep2,92,KRAS,210,309
HT29,TGFB1,Rep2,92,MAP3K7,152,309
HT29,TGFB1,Rep2,92,MAPK1,62,309
HT29,TGFB1,Rep2,92,MAPK14,150,309
HT29,TGFB1,Rep2,92,MAPK3,143,309
HT29,TGFB1,Rep2,92,MED15,97,309
HT29,TGFB1,Rep2,92,MYC,159,309
HT29,TGFB1,Rep2,92,NFKB1,58,309
HT29,TGFB1,Rep2,92,NRAS,47,309
HT29,TGFB1,Rep2,92,NT,309,309
HT29,TGFB1,Rep2,92,PAK1,202,309
HT29,TGFB1,Rep2,92,PIK3CA,82,309
HT29,TGFB1,Rep2,92,PPP2CA,53,309
HT29,TGFB1,Rep2,92,PRKCA,183,309
HT29,TGFB1,Rep2,92,RAF1,71,309
HT29,TGFB1,Rep2,92,RBL1,52,309
HT29,TGFB1,Rep2,92,RBX1,42,309
HT29,TGFB1,Rep2,92,RELA,89,309
HT29,TGFB1,Rep2,92,RHOA,52,309
HT29,TGFB1,Rep2,92,RPS6KB1,201,309
HT29,TGFB1,Rep2,92,RUNX1,357,309
HT29,TGFB1,Rep2,92,RUNX2,80,309
HT29,TGFB1,Rep2,92,RUNX3,141,309
HT29,TGFB1,Rep2,92,SKP1,25,309
HT29,TGFB1,Rep2,92,SMAD1,110,309
HT29,TGFB1,Rep2,92,SMAD2,220,309
HT29,TGFB1,Rep2,92,SMAD3,259,309
HT29,TGFB1,Rep2,92,SMAD4,81,309
HT29,TGFB1,Rep2,92,SMAD5,46,309
HT29,TGFB1,Rep2,92,SMAD6,228,309
HT29,TGFB1,Rep2,92,SMAD7,82,309
HT29,TGFB1,Rep2,92,SMAD9,164,309
HT29,TGFB1,Rep2,92,SMURF1,384,309
HT29,TGFB1,Rep2,92,SMURF2,172,309
HT29,TGFB1,Rep2,92,SP1,68,309
HT29,TGFB1,Rep2,92,TGFBR1,162,309
HT29,TGFB1,Rep2,92,TGFBR2,242,309
HT29,TGFB1,Rep2,92,TGFBR3,85,309
HT29,TGFB1,Rep2,92,TGIF1,77,309
K562,TGFB1,Rep1,79,AKT1,118,183
K562,TGFB1,Rep1,79,ATF2,48,183
K562,TGFB1,Rep1,79,CHUK,54,183
K562,TGFB1,Rep1,79,CREBBP,86,183
K562,TGFB1,Rep1,79,CUL1,13,183
K562,TGFB1,Rep1,79,EP300,11,183
K562,TGFB1,Rep1,79,FOS,83,183
K562,TGFB1,Rep1,79,FOXP2,59,183
K562,TGFB1,Rep1,79,HDAC4,28,183
K562,TGFB1,Rep1,79,HDAC5,132,183
K562,TGFB1,Rep1,79,HRAS,189,183
K562,TGFB1,Rep1,79,IKBKB,21,183
K562,TGFB1,Rep1,79,IRF7,99,183
K562,TGFB1,Rep1,79,JUN,102,183
K562,TGFB1,Rep1,79,KRAS,109,183
K562,TGFB1,Rep1,79,MAP3K7,91,183
K562,TGFB1,Rep1,79,MAPK1,38,183
K562,TGFB1,Rep1,79,MAPK14,47,183
K562,TGFB1,Rep1,79,MAPK3,115,183
K562,TGFB1,Rep1,79,MED15,30,183
K562,TGFB1,Rep1,79,MYC,95,183
K562,TGFB1,Rep1,79,NFKB1,33,183
K562,TGFB1,Rep1,79,NRAS,25,183
K562,TGFB1,Rep1,79,NT,183,183
K562,TGFB1,Rep1,79,PAK1,174,183
K562,TGFB1,Rep1,79,PIK3CA,83,183
K562,TGFB1,Rep1,79,PPP2CA,57,183
K562,TGFB1,Rep1,79,PRKCA,116,183
K562,TGFB1,Rep1,79,RAF1,44,183
K562,TGFB1,Rep1,79,RBL1,33,183
K562,TGFB1,Rep1,79,RBX1,25,183
K562,TGFB1,Rep1,79,RELA,92,183
K562,TGFB1,Rep1,79,RHOA,13,183
K562,TGFB1,Rep1,79,RPS6KB1,104,183
K562,TGFB1,Rep1,79,RUNX1,215,183
K562,TGFB1,Rep1,79,RUNX2,62,183
K562,TGFB1,Rep1,79,RUNX3,97,183
K562,TGFB1,Rep1,79,SKP1,15,183
K562,TGFB1,Rep1,79,SMAD1,88,183
K562,TGFB1,Rep1,79,SMAD2,153,183
K562,TGFB1,Rep1,79,SMAD3,112,183
K562,TGFB1,Rep1,79,SMAD4,40,183
K562,TGFB1,Rep1,79,SMAD5,28,183
K562,TGFB1,Rep1,79,SMAD6,74,183
K562,TGFB1,Rep1,79,SMAD7,74,183
K562,TGFB1,Rep1,79,SMAD9,139,183
K562,TGFB1,Rep1,79,SMURF1,173,183
K562,TGFB1,Rep1,79,SMURF2,112,183
K562,TGFB1,Rep1,79,SP1,50,183
K562,TGFB1,Rep1,79,TGFBR1,98,183
K562,TGFB1,Rep1,79,TGFBR2,148,183
K562,TGFB1,Rep1,79,TGFBR3,72,183
K562,TGFB1,Rep1,79,TGIF1,53,183
K562,TGFB1,Rep1,80,AKT1,120,184
K562,TGFB1,Rep1,80,ATF2,56,184
K562,TGFB1,Rep1,80,CHUK,56,184
K562,TGFB1,Rep1,80,CREBBP,113,184
K562,TGFB1,Rep1,80,CUL1,5,184
K562,TGFB1,Rep1,80,EP300,26,184
K562,TGFB1,Rep1,80,FOS,81,184
K562,TGFB1,Rep1,80,FOXP2,70,184
K562,TGFB1,Rep1,80,HDAC4,23,184
K562,TGFB1,Rep1,80,HDAC5,158,184
K562,TGFB1,Rep1,80,HRAS,238,184
K562,TGFB1,Rep1,80,IKBKB,18,184
K562,TGFB1,Rep1,80,IRF7,114,184
K562,TGFB1,Rep1,80,JUN,128,184
K562,TGFB1,Rep1,80,KRAS,118,184
K562,TGFB1,Rep1,80,MAP3K7,104,184
K562,TGFB1,Rep1,80,MAPK1,44,184
K562,TGFB1,Rep1,80,MAPK14,69,184
K562,TGFB1,Rep1,80,MAPK3,134,184
K562,TGFB1,Rep1,80,MED15,34,184
K562,TGFB1,Rep1,80,MYC,121,184
K562,TGFB1,Rep1,80,NFKB1,32,184
K562,TGFB1,Rep1,80,NRAS,27,184
K562,TGFB1,Rep1,80,NT,184,184
K562,TGFB1,Rep1,80,PAK1,154,184
K562,TGFB1,Rep1,80,PIK3CA,91,184
K562,TGFB1,Rep1,80,PPP2CA,55,184
K562,TGFB1,Rep1,80,PRKCA,136,184
K562,TGFB1,Rep1,80,RAF1,31,184
K562,TGFB1,Rep1,80,RBL1,24,184
K562,TGFB1,Rep1,80,RBX1,21,184
K562,TGFB1,Rep1,80,RELA,140,184
K562,TGFB1,Rep1,80,RHOA,14,184
K562,TGFB1,Rep1,80,RPS6KB1,105,184
K562,TGFB1,Rep1,80,RUNX1,247,184
K562,TGFB1,Rep1,80,RUNX2,56,184
K562,TGFB1,Rep1,80,RUNX3,124,184
K562,TGFB1,Rep1,80,SKP1,13,184
K562,TGFB1,Rep1,80,SMAD1,83,184
K562,TGFB1,Rep1,80,SMAD2,147,184
K562,TGFB1,Rep1,80,SMAD3,106,184
K562,TGFB1,Rep1,80,SMAD4,59,184
K562,TGFB1,Rep1,80,SMAD5,35,184
K562,TGFB1,Rep1,80,SMAD6,100,184
K562,TGFB1,Rep1,80,SMAD7,82,184
K562,TGFB1,Rep1,80,SMAD9,121,184
K562,TGFB1,Rep1,80,SMURF1,197,184
K562,TGFB1,Rep1,80,SMURF2,98,184
K562,TGFB1,Rep1,80,SP1,56,184
K562,TGFB1,Rep1,80,TGFBR1,119,184
K562,TGFB1,Rep1,80,TGFBR2,151,184
K562,TGFB1,Rep1,80,TGFBR3,65,184
K562,TGFB1,Rep1,80,TGIF1,60,184
K562,TGFB1,Rep1,81,AKT1,108,171
K562,TGFB1,Rep1,81,ATF2,46,171
K562,TGFB1,Rep1,81,CHUK,39,171
K562,TGFB1,Rep1,81,CREBBP,94,171
K562,TGFB1,Rep1,81,CUL1,6,171
K562,TGFB1,Rep1,81,EP300,23,171
K562,TGFB1,Rep1,81,FOS,60,171
K562,TGFB1,Rep1,81,FOXP2,39,171
K562,TGFB1,Rep1,81,HDAC4,20,171
K562,TGFB1,Rep1,81,HDAC5,121,171
K562,TGFB1,Rep1,81,HRAS,202,171
K562,TGFB1,Rep1,81,IKBKB,16,171
K562,TGFB1,Rep1,81,IRF7,108,171
K562,TGFB1,Rep1,81,JUN,99,171
K562,TGFB1,Rep1,81,KRAS,96,171
K562,TGFB1,Rep1,81,MAP3K7,103,171
K562,TGFB1,Rep1,81,MAPK1,42,171
K562,TGFB1,Rep1,81,MAPK14,62,171
K562,TGFB1,Rep1,81,MAPK3,91,171
K562,TGFB1,Rep1,81,MED15,33,171
K562,TGFB1,Rep1,81,MYC,109,171
K562,TGFB1,Rep1,81,NFKB1,44,171
K562,TGFB1,Rep1,81,NRAS,17,171
K562,TGFB1,Rep1,81,NT,171,171
K562,TGFB1,Rep1,81,PAK1,126,171
K562,TGFB1,Rep1,81,PIK3CA,94,171
K562,TGFB1,Rep1,81,PPP2CA,64,171
K562,TGFB1,Rep1,81,PRKCA,126,171
K562,TGFB1,Rep1,81,RAF1,38,171
K562,TGFB1,Rep1,81,RBL1,41,171
K562,TGFB1,Rep1,81,RBX1,17,171
K562,TGFB1,Rep1,81,RELA,104,171
K562,TGFB1,Rep1,81,RHOA,16,171
K562,TGFB1,Rep1,81,RPS6KB1,93,171
K562,TGFB1,Rep1,81,RUNX1,198,171
K562,TGFB1,Rep1,81,RUNX2,31,171
K562,TGFB1,Rep1,81,RUNX3,103,171
K562,TGFB1,Rep1,81,SKP1,13,171
K562,TGFB1,Rep1,81,SMAD1,93,171
K562,TGFB1,Rep1,81,SMAD2,140,171
K562,TGFB1,Rep1,81,SMAD3,115,171
K562,TGFB1,Rep1,81,SMAD4,47,171
K562,TGFB1,Rep1,81,SMAD5,30,171
K562,TGFB1,Rep1,81,SMAD6,76,171
K562,TGFB1,Rep1,81,SMAD7,71,171
K562,TGFB1,Rep1,81,SMAD9,152,171
K562,TGFB1,Rep1,81,SMURF1,183,171
K562,TGFB1,Rep1,81,SMURF2,88,171
K562,TGFB1,Rep1,81,SP1,55,171
K562,TGFB1,Rep1,81,TGFBR1,107,171
K562,TGFB1,Rep1,81,TGFBR2,154,171
K562,TGFB1,Rep1,81,TGFBR3,64,171
K562,TGFB1,Rep1,81,TGIF1,51,171
K562,TGFB1,Rep2,73,AKT1,67,116
K562,TGFB1,Rep2,73,ATF2,25,116
K562,TGFB1,Rep2,73,CHUK,36,116
K562,TGFB1,Rep2,73,CREBBP,61,116
K562,TGFB1,Rep2,73,CUL1,8,116
K562,TGFB1,Rep2,73,EP300,12,116
K562,TGFB1,Rep2,73,FOS,40,116
K562,TGFB1,Rep2,73,FOXP2,24,116
K562,TGFB1,Rep2,73,HDAC4,17,116
K562,TGFB1,Rep2,73,HDAC5,79,116
K562,TGFB1,Rep2,73,HRAS,145,116
K562,TGFB1,Rep2,73,IKBKB,12,116
K562,TGFB1,Rep2,73,IRF7,64,116
K562,TGFB1,Rep2,73,JUN,47,116
K562,TGFB1,Rep2,73,KRAS,52,116
K562,TGFB1,Rep2,73,MAP3K7,51,116
K562,TGFB1,Rep2,73,MAPK1,32,116
K562,TGFB1,Rep2,73,MAPK14,27,116
K562,TGFB1,Rep2,73,MAPK3,57,116
K562,TGFB1,Rep2,73,MED15,16,116
K562,TGFB1,Rep2,73,MYC,57,116
K562,TGFB1,Rep2,73,NFKB1,25,116
K562,TGFB1,Rep2,73,NRAS,14,116
K562,TGFB1,Rep2,73,NT,116,116
K562,TGFB1,Rep2,73,PAK1,90,116
K562,TGFB1,Rep2,73,PIK3CA,49,116
K562,TGFB1,Rep2,73,PPP2CA,34,116
K562,TGFB1,Rep2,73,PRKCA,70,116
K562,TGFB1,Rep2,73,RAF1,20,116
K562,TGFB1,Rep2,73,RBL1,21,116
K562,TGFB1,Rep2,73,RBX1,18,116
K562,TGFB1,Rep2,73,RELA,60,116
K562,TGFB1,Rep2,73,RHOA,7,116
K562,TGFB1,Rep2,73,RPS6KB1,61,116
K562,TGFB1,Rep2,73,RUNX1,129,116
K562,TGFB1,Rep2,73,RUNX2,28,116
K562,TGFB1,Rep2,73,RUNX3,62,116
K562,TGFB1,Rep2,73,SKP1,5,116
K562,TGFB1,Rep2,73,SMAD1,55,116
K562,TGFB1,Rep2,73,SMAD2,91,116
K562,TGFB1,Rep2,73,SMAD3,48,116
K562,TGFB1,Rep2,73,SMAD4,27,116
K562,TGFB1,Rep2,73,SMAD5,19,116
K562,TGFB1,Rep2,73,SMAD6,42,116
K562,TGFB1,Rep2,73,SMAD7,32,116
K562,TGFB1,Rep2,73,SMAD9,73,116
K562,TGFB1,Rep2,73,SMURF1,126,116
K562,TGFB1,Rep2,73,SMURF2,61,116
K562,TGFB1,Rep2,73,SP1,12,116
K562,TGFB1,Rep2,73,TGFBR1,76,116
K562,TGFB1,Rep2,73,TGFBR2,92,116
K562,TGFB1,Rep2,73,TGFBR3,24,116
K562,TGFB1,Rep2,73,TGIF1,21,116
K562,TGFB1,Rep2,74,AKT1,93,109
K562,TGFB1,Rep2,74,ATF2,30,109
K562,TGFB1,Rep2,74,CHUK,34,109
K562,TGFB1,Rep2,74,CREBBP,67,109
K562,TGFB1,Rep2,74,CUL1,6,109
K562,TGFB1,Rep2,74,EP300,18,109
K562,TGFB1,Rep2,74,FOS,53,109
K562,TGFB1,Rep2,74,FOXP2,26,109
K562,TGFB1,Rep2,74,HDAC4,15,109
K562,TGFB1,Rep2,74,HDAC5,112,109
K562,TGFB1,Rep2,74,HRAS,120,109
K562,TGFB1,Rep2,74,IKBKB,12,109
K562,TGFB1,Rep2,74,IRF7,69,109
K562,TGFB1,Rep2,74,JUN,72,109
K562,TGFB1,Rep2,74,KRAS,60,109
K562,TGFB1,Rep2,74,MAP3K7,66,109
K562,TGFB1,Rep2,74,MAPK1,20,109
K562,TGFB1,Rep2,74,MAPK14,36,109
K562,TGFB1,Rep2,74,MAPK3,70,109
K562,TGFB1,Rep2,74,MED15,20,109
K562,TGFB1,Rep2,74,MYC,79,109
K562,TGFB1,Rep2,74,NFKB1,36,109
K562,TGFB1,Rep2,74,NRAS,20,109
K562,TGFB1,Rep2,74,NT,109,109
K562,TGFB1,Rep2,74,PAK1,93,109
K562,TGFB1,Rep2,74,PIK3CA,56,109
K562,TGFB1,Rep2,74,PPP2CA,45,109
K562,TGFB1,Rep2,74,PRKCA,66,109
K562,TGFB1,Rep2,74,RAF1,23,109
K562,TGFB1,Rep2,74,RBL1,20,109
K562,TGFB1,Rep2,74,RBX1,12,109
K562,TGFB1,Rep2,74,RELA,74,109
K562,TGFB1,Rep2,74,RHOA,14,109
K562,TGFB1,Rep2,74,RPS6KB1,63,109
K562,TGFB1,Rep2,74,RUNX1,142,109
K562,TGFB1,Rep2,74,RUNX2,36,109
K562,TGFB1,Rep2,74,RUNX3,67,109
K562,TGFB1,Rep2,74,SKP1,11,109
K562,TGFB1,Rep2,74,SMAD1,66,109
K562,TGFB1,Rep2,74,SMAD2,99,109
K562,TGFB1,Rep2,74,SMAD3,75,109
K562,TGFB1,Rep2,74,SMAD4,19,109
K562,TGFB1,Rep2,74,SMAD5,15,109
K562,TGFB1,Rep2,74,SMAD6,42,109
K562,TGFB1,Rep2,74,SMAD7,44,109
K562,TGFB1,Rep2,74,SMAD9,93,109
K562,TGFB1,Rep2,74,SMURF1,125,109
K562,TGFB1,Rep2,74,SMURF2,81,109
K562,TGFB1,Rep2,74,SP1,17,109
K562,TGFB1,Rep2,74,TGFBR1,76,109
K562,TGFB1,Rep2,74,TGFBR2,120,109
K562,TGFB1,Rep2,74,TGFBR3,44,109
K562,TGFB1,Rep2,74,TGIF1,31,109
K562,TGFB1,Rep2,75,AKT1,55,77
K562,TGFB1,Rep2,75,ATF2,27,77
K562,TGFB1,Rep2,75,CHUK,24,77
K562,TGFB1,Rep2,75,CREBBP,53,77
K562,TGFB1,Rep2,75,CUL1,3,77
K562,TGFB1,Rep2,75,EP300,4,77
K562,TGFB1,Rep2,75,FOS,33,77
K562,TGFB1,Rep2,75,FOXP2,28,77
K562,TGFB1,Rep2,75,HDAC4,9,77
K562,TGFB1,Rep2,75,HDAC5,66,77
K562,TGFB1,Rep2,75,HRAS,94,77
K562,TGFB1,Rep2,75,IKBKB,8,77
K562,TGFB1,Rep2,75,IRF7,51,77
K562,TGFB1,Rep2,75,JUN,44,77
K562,TGFB1,Rep2,75,KRAS,49,77
K562,TGFB1,Rep2,75,MAP3K7,34,77
K562,TGFB1,Rep2,75,MAPK1,20,77
K562,TGFB1,Rep2,75,MAPK14,23,77
K562,TGFB1,Rep2,75,MAPK3,47,77
K562,TGFB1,Rep2,75,MED15,13,77
K562,TGFB1,Rep2,75,MYC,46,77
K562,TGFB1,Rep2,75,NFKB1,15,77
K562,TGFB1,Rep2,75,NRAS,13,77
K562,TGFB1,Rep2,75,NT,77,77
K562,TGFB1,Rep2,75,PAK1,81,77
K562,TGFB1,Rep2,75,PIK3CA,38,77
K562,TGFB1,Rep2,75,PPP2CA,30,77
K562,TGFB1,Rep2,75,PRKCA,60,77
K562,TGFB1,Rep2,75,RAF1,19,77
K562,TGFB1,Rep2,75,RBL1,14,77
K562,TGFB1,Rep2,75,RBX1,11,77
K562,TGFB1,Rep2,75,RELA,43,77
K562,TGFB1,Rep2,75,RHOA,9,77
K562,TGFB1,Rep2,75,RPS6KB1,51,77
K562,TGFB1,Rep2,75,RUNX1,110,77
K562,TGFB1,Rep2,75,RUNX2,23,77
K562,TGFB1,Rep2,75,RUNX3,62,77
K562,TGFB1,Rep2,75,SKP1,7,77
K562,TGFB1,Rep2,75,SMAD1,53,77
K562,TGFB1,Rep2,75,SMAD2,76,77
K562,TGFB1,Rep2,75,SMAD3,45,77
K562,TGFB1,Rep2,75,SMAD4,20,77
K562,TGFB1,Rep2,75,SMAD5,13,77
K562,TGFB1,Rep2,75,SMAD6,37,77
K562,TGFB1,Rep2,75,SMAD7,25,77
K562,TGFB1,Rep2,75,SMAD9,67,77
K562,TGFB1,Rep2,75,SMURF1,94,77
K562,TGFB1,Rep2,75,SMURF2,55,77
K562,TGFB1,Rep2,75,SP1,12,77
K562,TGFB1,Rep2,75,TGFBR1,56,77
K562,TGFB1,Rep2,75,TGFBR2,77,77
K562,TGFB1,Rep2,75,TGFBR3,30,77
K562,TGFB1,Rep2,75,TGIF1,35,77
K562,TGFB1,Rep2,76,AKT1,55,70
K562,TGFB1,Rep2,76,ATF2,24,70
K562,TGFB1,Rep2,76,CHUK,23,70
K562,TGFB1,Rep2,76,CREBBP,51,70
K562,TGFB1,Rep2,76,CUL1,8,70
K562,TGFB1,Rep2,76,EP300,13,70
K562,TGFB1,Rep2,76,FOS,45,70
K562,TGFB1,Rep2,76,FOXP2,20,70
K562,TGFB1,Rep2,76,HDAC4,11,70
K562,TGFB1,Rep2,76,HDAC5,57,70
K562,TGFB1,Rep2,76,HRAS,99,70
K562,TGFB1,Rep2,76,IKBKB,9,70
K562,TGFB1,Rep2,76,IRF7,57,70
K562,TGFB1,Rep2,76,JUN,50,70
K562,TGFB1,Rep2,76,KRAS,45,70
K562,TGFB1,Rep2,76,MAP3K7,45,70
K562,TGFB1,Rep2,76,MAPK1,24,70
K562,TGFB1,Rep2,76,MAPK14,27,70
K562,TGFB1,Rep2,76,MAPK3,50,70
K562,TGFB1,Rep2,76,MED15,17,70
K562,TGFB1,Rep2,76,MYC,40,70
K562,TGFB1,Rep2,76,NFKB1,12,70
K562,TGFB1,Rep2,76,NRAS,9,70
K562,TGFB1,Rep2,76,NT,70,70
K562,TGFB1,Rep2,76,PAK1,75,70
K562,TGFB1,Rep2,76,PIK3CA,53,70
K562,TGFB1,Rep2,76,PPP2CA,38,70
K562,TGFB1,Rep2,76,PRKCA,48,70
K562,TGFB1,Rep2,76,RAF1,22,70
K562,TGFB1,Rep2,76,RBL1,17,70
K562,TGFB1,Rep2,76,RBX1,14,70
K562,TGFB1,Rep2,76,RELA,57,70
K562,TGFB1,Rep2,76,RHOA,9,70
K562,TGFB1,Rep2,76,RPS6KB1,56,70
K562,TGFB1,Rep2,76,RUNX1,95,70
K562,TGFB1,Rep2,76,RUNX2,26,70
K562,TGFB1,Rep2,76,RUNX3,51,70
K562,TGFB1,Rep2,76,SKP1,11,70
K562,TGFB1,Rep2,76,SMAD1,34,70
K562,TGFB1,Rep2,76,SMAD2,80,70
K562,TGFB1,Rep2,76,SMAD3,44,70
K562,TGFB1,Rep2,76,SMAD4,21,70
K562,TGFB1,Rep2,76,SMAD5,18,70
K562,TGFB1,Rep2,76,SMAD6,42,70
K562,TGFB1,Rep2,76,SMAD7,15,70
K562,TGFB1,Rep2,76,SMAD9,51,70
K562,TGFB1,Rep2,76,SMURF1,96,70
K562,TGFB1,Rep2,76,SMURF2,62,70
K562,TGFB1,Rep2,76,SP1,13,70
K562,TGFB1,Rep2,76,TGFBR1,52,70
K562,TGFB1,Rep2,76,TGFBR2,76,70
K562,TGFB1,Rep2,76,TGFBR3,26,70
K562,TGFB1,Rep2,76,TGIF1,31,70
MCF7,TGFB1,Rep1,88,AKT1,136,106
MCF7,TGFB1,Rep1,88,ATF2,42,106
MCF7,TGFB1,Rep1,88,CHUK,24,106
MCF7,TGFB1,Rep1,88,CREBBP,100,106
MCF7,TGFB1,Rep1,88,CUL1,44,106
MCF7,TGFB1,Rep1,88,EP300,22,106
MCF7,TGFB1,Rep1,88,FOS,52,106
MCF7,TGFB1,Rep1,88,FOXP2,26,106
MCF7,TGFB1,Rep1,88,HDAC4,18,106
MCF7,TGFB1,Rep1,88,HDAC5,92,106
MCF7,TGFB1,Rep1,88,HRAS,113,106
MCF7,TGFB1,Rep1,88,IKBKB,13,106
MCF7,TGFB1,Rep1,88,IRF7,80,106
MCF7,TGFB1,Rep1,88,JUN,86,106
MCF7,TGFB1,Rep1,88,KRAS,129,106
MCF7,TGFB1,Rep1,88,MAP3K7,76,106
MCF7,TGFB1,Rep1,88,MAPK1,37,106
MCF7,TGFB1,Rep1,88,MAPK14,69,106
MCF7,TGFB1,Rep1,88,MAPK3,55,106
MCF7,TGFB1,Rep1,88,MED15,51,106
MCF7,TGFB1,Rep1,88,MYC,92,106
MCF7,TGFB1,Rep1,88,NFKB1,60,106
MCF7,TGFB1,Rep1,88,NRAS,16,106
MCF7,TGFB1,Rep1,88,NT,106,106
MCF7,TGFB1,Rep1,88,PAK1,92,106
MCF7,TGFB1,Rep1,88,PIK3CA,53,106
MCF7,TGFB1,Rep1,88,PPP2CA,41,106
MCF7,TGFB1,Rep1,88,PRKCA,75,106
MCF7,TGFB1,Rep1,88,RAF1,40,106
MCF7,TGFB1,Rep1,88,RBL1,21,106
MCF7,TGFB1,Rep1,88,RBX1,72,106
MCF7,TGFB1,Rep1,88,RELA,41,106
MCF7,TGFB1,Rep1,88,RHOA,21,106
MCF7,TGFB1,Rep1,88,RPS6KB1,78,106
MCF7,TGFB1,Rep1,88,RUNX1,122,106
MCF7,TGFB1,Rep1,88,RUNX2,49,106
MCF7,TGFB1,Rep1,88,RUNX3,81,106
MCF7,TGFB1,Rep1,88,SKP1,14,106
MCF7,TGFB1,Rep1,88,SMAD1,56,106
MCF7,TGFB1,Rep1,88,SMAD2,115,106
MCF7,TGFB1,Rep1,88,SMAD3,185,106
MCF7,TGFB1,Rep1,88,SMAD4,50,106
MCF7,TGFB1,Rep1,88,SMAD5,32,106
MCF7,TGFB1,Rep1,88,SMAD6,73,106
MCF7,TGFB1,Rep1,88,SMAD7,46,106
MCF7,TGFB1,Rep1,88,SMAD9,77,106
MCF7,TGFB1,Rep1,88,SMURF1,134,106
MCF7,TGFB1,Rep1,88,SMURF2,75,106
MCF7,TGFB1,Rep1,88,SP1,55,106
MCF7,TGFB1,Rep1,88,TGFBR1,67,106
MCF7,TGFB1,Rep1,88,TGFBR2,92,106
MCF7,TGFB1,Rep1,88,TGFBR3,42,106
MCF7,TGFB1,Rep1,88,TGIF1,48,106
MCF7,TGFB1,Rep1,89,AKT1,110,74
MCF7,TGFB1,Rep1,89,ATF2,34,74
MCF7,TGFB1,Rep1,89,CHUK,25,74
MCF7,TGFB1,Rep1,89,CREBBP,95,74
MCF7,TGFB1,Rep1,89,CUL1,46,74
MCF7,TGFB1,Rep1,89,EP300,14,74
MCF7,TGFB1,Rep1,89,FOS,56,74
MCF7,TGFB1,Rep1,89,FOXP2,23,74
MCF7,TGFB1,Rep1,89,HDAC4,17,74
MCF7,TGFB1,Rep1,89,HDAC5,106,74
MCF7,TGFB1,Rep1,89,HRAS,119,74
MCF7,TGFB1,Rep1,89,IKBKB,12,74
MCF7,TGFB1,Rep1,89,IRF7,64,74
MCF7,TGFB1,Rep1,89,JUN,78,74
MCF7,TGFB1,Rep1,89,KRAS,113,74
MCF7,TGFB1,Rep1,89,MAP3K7,45,74
MCF7,TGFB1,Rep1,89,MAPK1,33,74
MCF7,TGFB1,Rep1,89,MAPK14,75,74
MCF7,TGFB1,Rep1,89,MAPK3,53,74
MCF7,TGFB1,Rep1,89,MED15,37,74
MCF7,TGFB1,Rep1,89,MYC,92,74
MCF7,TGFB1,Rep1,89,NFKB1,47,74
MCF7,TGFB1,Rep1,89,NRAS,17,74
MCF7,TGFB1,Rep1,89,NT,74,74
MCF7,TGFB1,Rep1,89,PAK1,104,74
MCF7,TGFB1,Rep1,89,PIK3CA,41,74
MCF7,TGFB1,Rep1,89,PPP2CA,44,74
MCF7,TGFB1,Rep1,89,PRKCA,85,74
MCF7,TGFB1,Rep1,89,RAF1,42,74
MCF7,TGFB1,Rep1,89,RBL1,37,74
MCF7,TGFB1,Rep1,89,RBX1,63,74
MCF7,TGFB1,Rep1,89,RELA,55,74
MCF7,TGFB1,Rep1,89,RHOA,18,74
MCF7,TGFB1,Rep1,89,RPS6KB1,76,74
MCF7,TGFB1,Rep1,89,RUNX1,117,74
MCF7,TGFB1,Rep1,89,RUNX2,36,74
MCF7,TGFB1,Rep1,89,RUNX3,101,74
MCF7,TGFB1,Rep1,89,SKP1,4,74
MCF7,TGFB1,Rep1,89,SMAD1,36,74
MCF7,TGFB1,Rep1,89,SMAD2,91,74
MCF7,TGFB1,Rep1,89,SMAD3,148,74
MCF7,TGFB1,Rep1,89,SMAD4,33,74
MCF7,TGFB1,Rep1,89,SMAD5,15,74
MCF7,TGFB1,Rep1,89,SMAD6,68,74
MCF7,TGFB1,Rep1,89,SMAD7,32,74
MCF7,TGFB1,Rep1,89,SMAD9,58,74
MCF7,TGFB1,Rep1,89,SMURF1,151,74
MCF7,TGFB1,Rep1,89,SMURF2,68,74
MCF7,TGFB1,Rep1,89,SP1,59,74
MCF7,TGFB1,Rep1,89,TGFBR1,57,74
MCF7,TGFB1,Rep1,89,TGFBR2,68,74
MCF7,TGFB1,Rep1,89,TGFBR3,51,74
MCF7,TGFB1,Rep1,89,TGIF1,36,74
MCF7,TGFB1,Rep1,90,AKT1,103,69
MCF7,TGFB1,Rep1,90,ATF2,32,69
MCF7,TGFB1,Rep1,90,CHUK,13,69
MCF7,TGFB1,Rep1,90,CREBBP,77,69
MCF7,TGFB1,Rep1,90,CUL1,46,69
MCF7,TGFB1,Rep1,90,EP300,24,69
MCF7,TGFB1,Rep1,90,FOS,45,69
MCF7,TGFB1,Rep1,90,FOXP2,16,69
MCF7,TGFB1,Rep1,90,HDAC4,10,69
MCF7,TGFB1,Rep1,90,HDAC5,106,69
MCF7,TGFB1,Rep1,90,HRAS,90,69
MCF7,TGFB1,Rep1,90,IKBKB,8,69
MCF7,TGFB1,Rep1,90,IRF7,55,69
MCF7,TGFB1,Rep1,90,JUN,75,69
MCF7,TGFB1,Rep1,90,KRAS,108,69
MCF7,TGFB1,Rep1,90,MAP3K7,38,69
MCF7,TGFB1,Rep1,90,MAPK1,30,69
MCF7,TGFB1,Rep1,90,MAPK14,55,69
MCF7,TGFB1,Rep1,90,MAPK3,39,69
MCF7,TGFB1,Rep1,90,MED15,25,69
MCF7,TGFB1,Rep1,90,MYC,80,69
MCF7,TGFB1,Rep1,90,NFKB1,49,69
MCF7,TGFB1,Rep1,90,NRAS,12,69
MCF7,TGFB1,Rep1,90,NT,69,69
MCF7,TGFB1,Rep1,90,PAK1,75,69
MCF7,TGFB1,Rep1,90,PIK3CA,40,69
MCF7,TGFB1,Rep1,90,PPP2CA,38,69
MCF7,TGFB1,Rep1,90,PRKCA,67,69
MCF7,TGFB1,Rep1,90,RAF1,30,69
MCF7,TGFB1,Rep1,90,RBL1,26,69
MCF7,TGFB1,Rep1,90,RBX1,48,69
MCF7,TGFB1,Rep1,90,RELA,35,69
MCF7,TGFB1,Rep1,90,RHOA,14,69
MCF7,TGFB1,Rep1,90,RPS6KB1,54,69
MCF7,TGFB1,Rep1,90,RUNX1,99,69
MCF7,TGFB1,Rep1,90,RUNX2,38,69
MCF7,TGFB1,Rep1,90,RUNX3,72,69
MCF7,TGFB1,Rep1,90,SKP1,8,69
MCF7,TGFB1,Rep1,90,SMAD1,40,69
MCF7,TGFB1,Rep1,90,SMAD2,96,69
MCF7,TGFB1,Rep1,90,SMAD3,137,69
MCF7,TGFB1,Rep1,90,SMAD4,30,69
MCF7,TGFB1,Rep1,90,SMAD5,16,69
MCF7,TGFB1,Rep1,90,SMAD6,70,69
MCF7,TGFB1,Rep1,90,SMAD7,34,69
MCF7,TGFB1,Rep1,90,SMAD9,59,69
MCF7,TGFB1,Rep1,90,SMURF1,136,69
MCF7,TGFB1,Rep1,90,SMURF2,71,69
MCF7,TGFB1,Rep1,90,SP1,43,69
MCF7,TGFB1,Rep1,90,TGFBR1,69,69
MCF7,TGFB1,Rep1,90,TGFBR2,65,69
MCF7,TGFB1,Rep1,90,TGFBR3,47,69
MCF7,TGFB1,Rep1,90,TGIF1,41,69
MCF7,TGFB1,Rep2,81,AKT1,95,75
MCF7,TGFB1,Rep2,81,ATF2,33,75
MCF7,TGFB1,Rep2,81,CHUK,19,75
MCF7,TGFB1,Rep2,81,CREBBP,72,75
MCF7,TGFB1,Rep2,81,CUL1,51,75
MCF7,TGFB1,Rep2,81,EP300,18,75
MCF7,TGFB1,Rep2,81,FOS,22,75
MCF7,TGFB1,Rep2,81,FOXP2,22,75
MCF7,TGFB1,Rep2,81,HDAC4,12,75
MCF7,TGFB1,Rep2,81,HDAC5,87,75
MCF7,TGFB1,Rep2,81,HRAS,99,75
MCF7,TGFB1,Rep2,81,IKBKB,8,75
MCF7,TGFB1,Rep2,81,IRF7,61,75
MCF7,TGFB1,Rep2,81,JUN,53,75
MCF7,TGFB1,Rep2,81,KRAS,98,75
MCF7,TGFB1,Rep2,81,MAP3K7,40,75
MCF7,TGFB1,Rep2,81,MAPK1,29,75
MCF7,TGFB1,Rep2,81,MAPK14,54,75
MCF7,TGFB1,Rep2,81,MAPK3,33,75
MCF7,TGFB1,Rep2,81,MED15,23,75
MCF7,TGFB1,Rep2,81,MYC,63,75
MCF7,TGFB1,Rep2,81,NFKB1,46,75
MCF7,TGFB1,Rep2,81,NRAS,13,75
MCF7,TGFB1,Rep2,81,NT,75,75
MCF7,TGFB1,Rep2,81,PAK1,69,75
MCF7,TGFB1,Rep2,81,PIK3CA,41,75
MCF7,TGFB1,Rep2,81,PPP2CA,32,75
MCF7,TGFB1,Rep2,81,PRKCA,61,75
MCF7,TGFB1,Rep2,81,RAF1,25,75
MCF7,TGFB1,Rep2,81,RBL1,24,75
MCF7,TGFB1,Rep2,81,RBX1,57,75
MCF7,TGFB1,Rep2,81,RELA,55,75
MCF7,TGFB1,Rep2,81,RHOA,20,75
MCF7,TGFB1,Rep2,81,RPS6KB1,62,75
MCF7,TGFB1,Rep2,81,RUNX1,113,75
MCF7,TGFB1,Rep2,81,RUNX2,28,75
MCF7,TGFB1,Rep2,81,RUNX3,75,75
MCF7,TGFB1,Rep2,81,SKP1,7,75
MCF7,TGFB1,Rep2,81,SMAD1,30,75
MCF7,TGFB1,Rep2,81,SMAD2,64,75
MCF7,TGFB1,Rep2,81,SMAD3,121,75
MCF7,TGFB1,Rep2,81,SMAD4,30,75
MCF7,TGFB1,Rep2,81,SMAD5,20,75
MCF7,TGFB1,Rep2,81,SMAD6,48,75
MCF7,TGFB1,Rep2,81,SMAD7,26,75
MCF7,TGFB1,Rep2,81,SMAD9,55,75
MCF7,TGFB1,Rep2,81,SMURF1,118,75
MCF7,TGFB1,Rep2,81,SMURF2,73,75
MCF7,TGFB1,Rep2,81,SP1,29,75
MCF7,TGFB1,Rep2,81,TGFBR1,58,75
MCF7,TGFB1,Rep2,81,TGFBR2,48,75
MCF7,TGFB1,Rep2,81,TGFBR3,37,75
MCF7,TGFB1,Rep2,81,TGIF1,45,75
MCF7,TGFB1,Rep2,82,AKT1,104,65
MCF7,TGFB1,Rep2,82,ATF2,41,65
MCF7,TGFB1,Rep2,82,CHUK,16,65
MCF7,TGFB1,Rep2,82,CREBBP,88,65
MCF7,TGFB1,Rep2,82,CUL1,51,65
MCF7,TGFB1,Rep2,82,EP300,25,65
MCF7,TGFB1,Rep2,82,FOS,50,65
MCF7,TGFB1,Rep2,82,FOXP2,28,65
MCF7,TGFB1,Rep2,82,HDAC4,7,65
MCF7,TGFB1,Rep2,82,HDAC5,74,65
MCF7,TGFB1,Rep2,82,HRAS,91,65
MCF7,TGFB1,Rep2,82,IKBKB,5,65
MCF7,TGFB1,Rep2,82,IRF7,61,65
MCF7,TGFB1,Rep2,82,JUN,76,65
MCF7,TGFB1,Rep2,82,KRAS,96,65
MCF7,TGFB1,Rep2,82,MAP3K7,42,65
MCF7,TGFB1,Rep2,82,MAPK1,25,65
MCF7,TGFB1,Rep2,82,MAPK14,56,65
MCF7,TGFB1,Rep2,82,MAPK3,32,65
MCF7,TGFB1,Rep2,82,MED15,29,65
MCF7,TGFB1,Rep2,82,MYC,78,65
MCF7,TGFB1,Rep2,82,NFKB1,40,65
MCF7,TGFB1,Rep2,82,NRAS,7,65
MCF7,TGFB1,Rep2,82,NT,65,65
MCF7,TGFB1,Rep2,82,PAK1,86,65
MCF7,TGFB1,Rep2,82,PIK3CA,35,65
MCF7,TGFB1,Rep2,82,PPP2CA,34,65
MCF7,TGFB1,Rep2,82,PRKCA,68,65
MCF7,TGFB1,Rep2,82,RAF1,32,65
MCF7,TGFB1,Rep2,82,RBL1,32,65
MCF7,TGFB1,Rep2,82,RBX1,44,65
MCF7,TGFB1,Rep2,82,RELA,32,65
MCF7,TGFB1,Rep2,82,RHOA,13,65
MCF7,TGFB1,Rep2,82,RPS6KB1,38,65
MCF7,TGFB1,Rep2,82,RUNX1,101,65
MCF7,TGFB1,Rep2,82,RUNX2,34,65
MCF7,TGFB1,Rep2,82,RUNX3,78,65
MCF7,TGFB1,Rep2,82,SKP1,11,65
MCF7,TGFB1,Rep2,82,SMAD1,38,65
MCF7,TGFB1,Rep2,82,SMAD2,72,65
MCF7,TGFB1,Rep2,82,SMAD3,152,65
MCF7,TGFB1,Rep2,82,SMAD4,27,65
MCF7,TGFB1,Rep2,82,SMAD5,17,65
MCF7,TGFB1,Rep2,82,SMAD6,60,65
MCF7,TGFB1,Rep2,82,SMAD7,35,65
MCF7,TGFB1,Rep2,82,SMAD9,45,65
MCF7,TGFB1,Rep2,82,SMURF1,111,65
MCF7,TGFB1,Rep2,82,SMURF2,68,65
MCF7,TGFB1,Rep2,82,SP1,25,65
MCF7,TGFB1,Rep2,82,TGFBR1,38,65
MCF7,TGFB1,Rep2,82,TGFBR2,59,65
MCF7,TGFB1,Rep2,82,TGFBR3,29,65
MCF7,TGFB1,Rep2,82,TGIF1,37,65
MCF7,TGFB1,Rep2,83,AKT1,96,85
MCF7,TGFB1,Rep2,83,ATF2,27,85
MCF7,TGFB1,Rep2,83,CHUK,19,85
MCF7,TGFB1,Rep2,83,CREBBP,73,85
MCF7,TGFB1,Rep2,83,CUL1,50,85
MCF7,TGFB1,Rep2,83,EP300,22,85
MCF7,TGFB1,Rep2,83,FOS,41,85
MCF7,TGFB1,Rep2,83,FOXP2,16,85
MCF7,TGFB1,Rep2,83,HDAC4,10,85
MCF7,TGFB1,Rep2,83,HDAC5,96,85
MCF7,TGFB1,Rep2,83,HRAS,99,85
MCF7,TGFB1,Rep2,83,IKBKB,6,85
MCF7,TGFB1,Rep2,83,IRF7,62,85
MCF7,TGFB1,Rep2,83,JUN,62,85
MCF7,TGFB1,Rep2,83,KRAS,101,85
MCF7,TGFB1,Rep2,83,MAP3K7,45,85
MCF7,TGFB1,Rep2,83,MAPK1,25,85
MCF7,TGFB1,Rep2,83,MAPK14,55,85
MCF7,TGFB1,Rep2,83,MAPK3,42,85
MCF7,TGFB1,Rep2,83,MED15,22,85
MCF7,TGFB1,Rep2,83,MYC,72,85
MCF7,TGFB1,Rep2,83,NFKB1,37,85
MCF7,TGFB1,Rep2,83,NRAS,10,85
MCF7,TGFB1,Rep2,83,NT,85,85
MCF7,TGFB1,Rep2,83,PAK1,77,85
MCF7,TGFB1,Rep2,83,PIK3CA,53,85
MCF7,TGFB1,Rep2,83,PPP2CA,40,85
MCF7,TGFB1,Rep2,83,PRKCA,65,85
MCF7,TGFB1,Rep2,83,RAF1,36,85
MCF7,TGFB1,Rep2,83,RBL1,23,85
MCF7,TGFB1,Rep2,83,RBX1,54,85
MCF7,TGFB1,Rep2,83,RELA,50,85
MCF7,TGFB1,Rep2,83,RHOA,13,85
MCF7,TGFB1,Rep2,83,RPS6KB1,56,85
MCF7,TGFB1,Rep2,83,RUNX1,105,85
MCF7,TGFB1,Rep2,83,RUNX2,26,85
MCF7,TGFB1,Rep2,83,RUNX3,75,85
MCF7,TGFB1,Rep2,83,SKP1,9,85
MCF7,TGFB1,Rep2,83,SMAD1,30,85
MCF7,TGFB1,Rep2,83,SMAD2,69,85
MCF7,TGFB1,Rep2,83,SMAD3,127,85
MCF7,TGFB1,Rep2,83,SMAD4,30,85
MCF7,TGFB1,Rep2,83,SMAD5,15,85
MCF7,TGFB1,Rep2,83,SMAD6,59,85
MCF7,TGFB1,Rep2,83,SMAD7,37,85
MCF7,TGFB1,Rep2,83,SMAD9,66,85
MCF7,TGFB1,Rep2,83,SMURF1,125,85
MCF7,TGFB1,Rep2,83,SMURF2,68,85
MCF7,TGFB1,Rep2,83,SP1,18,85
MCF7,TGFB1,Rep2,83,TGFBR1,56,85
MCF7,TGFB1,Rep2,83,TGFBR2,61,85
MCF7,TGFB1,Rep2,83,TGFBR3,32,85
MCF7,TGFB1,Rep2,83,TGIF1,40,85
MCF7,TGFB1,Rep2,84,AKT1,122,89
MCF7,TGFB1,Rep2,84,ATF2,35,89
MCF7,TGFB1,Rep2,84,CHUK,23,89
MCF7,TGFB1,Rep2,84,CREBBP,87,89
MCF7,TGFB1,Rep2,84,CUL1,50,89
MCF7,TGFB1,Rep2,84,EP300,25,89
MCF7,TGFB1,Rep2,84,FOS,31,89
MCF7,TGFB1,Rep2,84,FOXP2,33,89
MCF7,TGFB1,Rep2,84,HDAC4,12,89
MCF7,TGFB1,Rep2,84,HDAC5,81,89
MCF7,TGFB1,Rep2,84,HRAS,122,89
MCF7,TGFB1,Rep2,84,IKBKB,10,89
MCF7,TGFB1,Rep2,84,IRF7,55,89
MCF7,TGFB1,Rep2,84,JUN,64,89
MCF7,TGFB1,Rep2,84,KRAS,113,89
MCF7,TGFB1,Rep2,84,MAP3K7,46,89
MCF7,TGFB1,Rep2,84,MAPK1,38,89
MCF7,TGFB1,Rep2,84,MAPK14,61,89
MCF7,TGFB1,Rep2,84,MAPK3,42,89
MCF7,TGFB1,Rep2,84,MED15,28,89
MCF7,TGFB1,Rep2,84,MYC,78,89
MCF7,TGFB1,Rep2,84,NFKB1,45,89
MCF7,TGFB1,Rep2,84,NRAS,19,89
MCF7,TGFB1,Rep2,84,NT,89,89
MCF7,TGFB1,Rep2,84,PAK1,70,89
MCF7,TGFB1,Rep2,84,PIK3CA,49,89
MCF7,TGFB1,Rep2,84,PPP2CA,50,89
MCF7,TGFB1,Rep2,84,PRKCA,83,89
MCF7,TGFB1,Rep2,84,RAF1,28,89
MCF7,TGFB1,Rep2,84,RBL1,27,89
MCF7,TGFB1,Rep2,84,RBX1,53,89
MCF7,TGFB1,Rep2,84,RELA,53,89
MCF7,TGFB1,Rep2,84,RHOA,24,89
MCF7,TGFB1,Rep2,84,RPS6KB1,67,89
MCF7,TGFB1,Rep2,84,RUNX1,112,89
MCF7,TGFB1,Rep2,84,RUNX2,40,89
MCF7,TGFB1,Rep2,84,RUNX3,76,89
MCF7,TGFB1,Rep2,84,SKP1,13,89
MCF7,TGFB1,Rep2,84,SMAD1,36,89
MCF7,TGFB1,Rep2,84,SMAD2,88,89
MCF7,TGFB1,Rep2,84,SMAD3,135,89
MCF7,TGFB1,Rep2,84,SMAD4,34,89
MCF7,TGFB1,Rep2,84,SMAD5,18,89
MCF7,TGFB1,Rep2,84,SMAD6,63,89
MCF7,TGFB1,Rep2,84,SMAD7,42,89
MCF7,TGFB1,Rep2,84,SMAD9,64,89
MCF7,TGFB1,Rep2,84,SMURF1,116,89
MCF7,TGFB1,Rep2,84,SMURF2,71,89
MCF7,TGFB1,Rep2,84,SP1,31,89
MCF7,TGFB1,Rep2,84,TGFBR1,61,89
MCF7,TGFB1,Rep2,84,TGFBR2,63,89
MCF7,TGFB1,Rep2,84,TGFBR3,33,89
MCF7,TGFB1,Rep2,84,TGIF1,41,89
