cell_type,pathway,Batch_info,orig.ident,cells,NT_cells,perturbed_targets
A549,TGFB1,Rep1,82,14304,601,52
A549,TGFB1,Rep1,83,14620,590,52
A549,TGFB1,Rep1,84,12129,490,52
A549,TGFB1,Rep2,77,5751,235,52
A549,TGFB1,Rep2,78,5157,185,52
A549,TGFB1,Rep2,79,5597,245,52
A549,TGFB1,Rep2,80,5565,218,52
BXPC3,TGFB1,Rep2,93,4077,183,52
BXPC3,TGFB1,Rep2,94,3507,162,52
BXPC3,TGFB1,Rep2,95,3649,170,52
BXPC3,TGFB1,Rep2,96,3977,187,52
HAP1,TGFB1,Rep1,91,12085,531,52
HAP1,TGFB1,Rep1,92,11794,526,52
HAP1,TGFB1,Rep1,93,10453,430,52
HAP1,TGFB1,Rep2,85,4729,201,52
HAP1,TGFB1,Rep2,86,5791,262,52
HAP1,TGFB1,Rep2,87,5628,242,52
HAP1,TGFB1,Rep2,88,5657,258,52
HT29,TGFB1,Rep1,94,12567,591,52
HT29,TGFB1,Rep1,95,10138,459,52
HT29,TGFB1,Rep1,96,9004,388,52
HT29,TGFB1,Rep2,89,6741,292,52
HT29,TGFB1,Rep2,90,6997,313,52
HT29,TGFB1,Rep2,91,6473,268,52
HT29,TGFB1,Rep2,92,6888,309,52
K562,TGFB1,Rep1,79,4353,183,52
K562,TGFB1,Rep1,80,4763,184,52
K562,TGFB1,Rep1,81,4239,171,52
K562,TGFB1,Rep2,73,2537,116,52
K562,TGFB1,Rep2,74,2912,109,52
K562,TGFB1,Rep2,75,2089,77,52
K562,TGFB1,Rep2,76,2094,70,52
MCF7,TGFB1,Rep1,88,3486,106,52
MCF7,TGFB1,Rep1,89,3179,74,52
MCF7,TGFB1,Rep1,90,2803,69,52
MCF7,TGFB1,Rep2,81,2597,75,52
MCF7,TGFB1,Rep2,82,2638,65,52
MCF7,TGFB1,Rep2,83,2688,85,52
MCF7,TGFB1,Rep2,84,2950,89,52
